-- phpMyAdmin SQL Dump
-- version 4.9.7
-- https://www.phpmyadmin.net/
--
-- Host: localhost:3306
-- Waktu pembuatan: 19 Sep 2022 pada 13.14
-- Versi server: 10.3.36-MariaDB-cll-lve
-- Versi PHP: 7.4.30

SET SQL_MODE = "NO_AUTO_VALUE_ON_ZERO";
SET AUTOCOMMIT = 0;
START TRANSACTION;
SET time_zone = "+00:00";


/*!40101 SET @OLD_CHARACTER_SET_CLIENT=@@CHARACTER_SET_CLIENT */;
/*!40101 SET @OLD_CHARACTER_SET_RESULTS=@@CHARACTER_SET_RESULTS */;
/*!40101 SET @OLD_COLLATION_CONNECTION=@@COLLATION_CONNECTION */;
/*!40101 SET NAMES utf8mb4 */;

--
-- Database: `manage11_gi`
--

-- --------------------------------------------------------

--
-- Struktur dari tabel `ci_sessions`
--

CREATE TABLE `ci_sessions` (
  `id` varchar(128) NOT NULL,
  `ip_address` varchar(45) NOT NULL,
  `timestamp` int(10) UNSIGNED NOT NULL DEFAULT 0,
  `data` blob NOT NULL
) ENGINE=InnoDB DEFAULT CHARSET=utf8mb4;

--
-- Dumping data untuk tabel `ci_sessions`
--

INSERT INTO `ci_sessions` (`id`, `ip_address`, `timestamp`, `data`) VALUES
('rlgg10uf0l3c448ugpa4v9nf2vrt587a', '202.51.116.203', 1663285059, 0x5f5f63695f6c6173745f726567656e65726174657c693a313636333238353033383b5573657249447c733a313a2231223b557365727c733a31333a2241646d696e6973747261746f72223b6c6576656c7c733a353a2261646d696e223b666f746f7c733a31383a22666f746f313633333638313233332e6a7067223b),
('fsclbpmm4vlfib8k0droccosm9f7tle2', '202.51.116.203', 1663286162, 0x5f5f63695f6c6173745f726567656e65726174657c693a313636333238363135373b5573657249447c733a313a2231223b557365727c733a31333a2241646d696e6973747261746f72223b6c6576656c7c733a353a2261646d696e223b666f746f7c733a31383a22666f746f313633333638313233332e6a7067223b),
('u3tcjpo8f5dt23gic6msndivvdkm4hqr', '202.51.116.203', 1663287252, 0x5f5f63695f6c6173745f726567656e65726174657c693a313636333238373038353b5573657249447c733a313a2232223b557365727c733a383a224f70657261746f72223b6c6576656c7c733a373a2270656761776169223b666f746f7c733a31383a22666f746f313633343738353434342e706e67223b),
('jil27h2kloahjba5oba01dm3idckngpb', '202.51.116.203', 1663288492, 0x5f5f63695f6c6173745f726567656e65726174657c693a313636333238373330313b5573657249447c733a313a2231223b557365727c733a31333a2241646d696e6973747261746f72223b6c6576656c7c733a353a2261646d696e223b666f746f7c733a31383a22666f746f313633333638313233332e6a7067223b),
('mav9da918mup7va0ucgna7rm5224ofjn', '103.105.67.115', 1663287648, 0x5f5f63695f6c6173745f726567656e65726174657c693a313636333238373633343b5573657249447c733a313a2231223b557365727c733a31333a2241646d696e6973747261746f72223b6c6576656c7c733a353a2261646d696e223b666f746f7c733a31383a22666f746f313633333638313233332e6a7067223b),
('md3mmu1nlvo87rog1rjv6tjb48supt6h', '202.51.116.203', 1663288792, 0x5f5f63695f6c6173745f726567656e65726174657c693a313636333238383530313b5573657249447c733a313a2231223b557365727c733a31333a2241646d696e6973747261746f72223b6c6576656c7c733a353a2261646d696e223b666f746f7c733a31383a22666f746f313633333638313233332e6a7067223b),
('m83ciditriehhtguhee2b5crcsq54l4a', '202.51.116.203', 1663289098, 0x5f5f63695f6c6173745f726567656e65726174657c693a313636333238383831353b5573657249447c733a313a2231223b557365727c733a31333a2241646d696e6973747261746f72223b6c6576656c7c733a353a2261646d696e223b666f746f7c733a31383a22666f746f313633333638313233332e6a7067223b),
('sovg3cn608jjphefo040u04346ao65th', '202.51.116.203', 1663289398, 0x5f5f63695f6c6173745f726567656e65726174657c693a313636333238393131393b5573657249447c733a313a2231223b557365727c733a31333a2241646d696e6973747261746f72223b6c6576656c7c733a353a2261646d696e223b666f746f7c733a31383a22666f746f313633333638313233332e6a7067223b),
('6fd6vrcms4140bod0e3qqol7f466pba7', '202.51.116.203', 1663289719, 0x5f5f63695f6c6173745f726567656e65726174657c693a313636333238393432373b5573657249447c733a313a2231223b557365727c733a31333a2241646d696e6973747261746f72223b6c6576656c7c733a353a2261646d696e223b666f746f7c733a31383a22666f746f313633333638313233332e6a7067223b),
('9t6jpcm5tr88r4hc36j1tha3573ovc01', '202.51.116.203', 1663290074, 0x5f5f63695f6c6173745f726567656e65726174657c693a313636333238393734383b5573657249447c733a313a2231223b557365727c733a31333a2241646d696e6973747261746f72223b6c6576656c7c733a353a2261646d696e223b666f746f7c733a31383a22666f746f313633333638313233332e6a7067223b),
('6jtibrhonmjmsi77m9ka75g2nepb2d4v', '202.51.116.203', 1663290354, 0x5f5f63695f6c6173745f726567656e65726174657c693a313636333239303039303b5573657249447c733a313a2231223b557365727c733a31333a2241646d696e6973747261746f72223b6c6576656c7c733a353a2261646d696e223b666f746f7c733a31383a22666f746f313633333638313233332e6a7067223b),
('1g5s71poe5ciohf6a60imj61td66frlv', '202.51.116.203', 1663290557, 0x5f5f63695f6c6173745f726567656e65726174657c693a313636333239303432333b5573657249447c733a313a2231223b557365727c733a31333a2241646d696e6973747261746f72223b6c6576656c7c733a353a2261646d696e223b666f746f7c733a31383a22666f746f313633333638313233332e6a7067223b),
('8kirtoc05l45u732bu705tgup2gia2tt', '202.51.116.203', 1663291278, 0x5f5f63695f6c6173745f726567656e65726174657c693a313636333239313039303b5573657249447c733a313a2231223b557365727c733a31333a2241646d696e6973747261746f72223b6c6576656c7c733a353a2261646d696e223b666f746f7c733a31383a22666f746f313633333638313233332e6a7067223b),
('aohjormsg7aegk2fs1teua7tk4b7jd6e', '202.51.116.203', 1663291206, 0x5f5f63695f6c6173745f726567656e65726174657c693a313636333239313135323b5573657249447c733a313a2232223b557365727c733a383a224f70657261746f72223b6c6576656c7c733a373a2270656761776169223b666f746f7c733a31383a22666f746f313633343738353434342e706e67223b),
('4dagq6ror43vru8i8mfjcnpf7j095sse', '103.105.67.115', 1663292661, 0x5f5f63695f6c6173745f726567656e65726174657c693a313636333239323337393b5573657249447c733a313a2232223b557365727c733a383a224f70657261746f72223b6c6576656c7c733a373a2270656761776169223b666f746f7c733a31383a22666f746f313633343738353434342e706e67223b),
('uk226j1qe0tfioiqb5ej4aq48u2h5k1o', '202.51.116.203', 1663295884, 0x5f5f63695f6c6173745f726567656e65726174657c693a313636333239353838343b5573657249447c733a313a2231223b557365727c733a31333a2241646d696e6973747261746f72223b6c6576656c7c733a353a2261646d696e223b666f746f7c733a31383a22666f746f313633333638313233332e6a7067223b),
('s5du91d8g8vhbntmakpjkd1cohvo2j4n', '103.105.67.115', 1663295930, 0x5f5f63695f6c6173745f726567656e65726174657c693a313636333239353931363b5573657249447c733a313a2231223b557365727c733a31333a2241646d696e6973747261746f72223b6c6576656c7c733a353a2261646d696e223b666f746f7c733a31383a22666f746f313633333638313233332e6a7067223b),
('h8o7gbmses0m1vqfatrlh4p6pbliq91u', '202.51.116.203', 1663296601, 0x5f5f63695f6c6173745f726567656e65726174657c693a313636333239363537343b5573657249447c733a313a2231223b557365727c733a31333a2241646d696e6973747261746f72223b6c6576656c7c733a353a2261646d696e223b666f746f7c733a31383a22666f746f313633333638313233332e6a7067223b),
('u1414tor2kbtjp82ncgr9a4fns2kmhgm', '202.51.116.203', 1663296905, 0x5f5f63695f6c6173745f726567656e65726174657c693a313636333239363839303b5573657249447c733a313a2231223b557365727c733a31333a2241646d696e6973747261746f72223b6c6576656c7c733a353a2261646d696e223b666f746f7c733a31383a22666f746f313633333638313233332e6a7067223b),
('d58q4cnl7so031a21u250u852r6ihatk', '202.51.116.203', 1663298059, 0x5f5f63695f6c6173745f726567656e65726174657c693a313636333239373637303b5573657249447c733a313a2232223b557365727c733a383a224f70657261746f72223b6c6576656c7c733a373a2270656761776169223b666f746f7c733a31383a22666f746f313633343738353434342e706e67223b636172745f636f6e74656e74737c613a363a7b733a31303a22636172745f746f74616c223b643a3334303030303b733a31313a22746f74616c5f6974656d73223b643a31373b733a33323a223263383166386564333638373464323235383561383032343534643331656334223b613a363a7b733a323a226964223b733a363a22474950303133223b733a333a22717479223b643a363b733a353a227072696365223b643a32303030303b733a343a226e616d65223b733a31373a224c6162656c2042657273696820416c6174223b733a353a22726f776964223b733a33323a223263383166386564333638373464323235383561383032343534643331656334223b733a383a22737562746f74616c223b643a3132303030303b7d733a33323a223034303635613731356466363866393230306430323734653335633133363464223b613a363a7b733a323a226964223b733a363a22474950303136223b733a333a22717479223b643a363b733a353a227072696365223b643a32303030303b733a343a226e616d65223b733a32353a224c6162656c2050726f64756b2044616c616d2050726f736573223b733a353a22726f776964223b733a33323a223034303635613731356466363866393230306430323734653335633133363464223b733a383a22737562746f74616c223b643a3132303030303b7d733a33323a223937633364653531653963346132343262373864326664356361303366323537223b613a363a7b733a323a226964223b733a363a22474950303134223b733a333a22717479223b643a333b733a353a227072696365223b643a32303030303b733a343a226e616d65223b733a32303a224c6162656c20426572736968205275616e67616e223b733a353a22726f776964223b733a33323a223937633364653531653963346132343262373864326664356361303366323537223b733a383a22737562746f74616c223b643a36303030303b7d733a33323a223439303962396630333462363137633337386331313966323936306636306264223b613a363a7b733a323a226964223b733a363a22474950303138223b733a333a22717479223b643a323b733a353a227072696365223b643a32303030303b733a343a226e616d65223b733a31393a224c6162656c20536564616e672050726f736573223b733a353a22726f776964223b733a33323a223439303962396630333462363137633337386331313966323936306636306264223b733a383a22737562746f74616c223b643a34303030303b7d7d),
('r80psab78bvo59uob8bklitqb8kqncpg', '202.51.116.203', 1663298085, 0x5f5f63695f6c6173745f726567656e65726174657c693a313636333239383036353b5573657249447c733a313a2232223b557365727c733a383a224f70657261746f72223b6c6576656c7c733a373a2270656761776169223b666f746f7c733a31383a22666f746f313633343738353434342e706e67223b),
('fmh08b297il648nt8egqb1obg1vjeer3', '103.105.67.115', 1663298272, 0x5f5f63695f6c6173745f726567656e65726174657c693a313636333239383236363b5573657249447c733a313a2231223b557365727c733a31333a2241646d696e6973747261746f72223b6c6576656c7c733a353a2261646d696e223b666f746f7c733a31383a22666f746f313633333638313233332e6a7067223b),
('nb5j6ngi4951flcg8c56truvpf0ardo2', '202.51.116.203', 1663298385, 0x5f5f63695f6c6173745f726567656e65726174657c693a313636333239383239313b5573657249447c733a313a2232223b557365727c733a383a224f70657261746f72223b6c6576656c7c733a373a2270656761776169223b666f746f7c733a31383a22666f746f313633343738353434342e706e67223b),
('lj958ko64ndbvs2n74h1q9uosjt1eo56', '54.184.224.239', 1663299267, 0x5f5f63695f6c6173745f726567656e65726174657c693a313636333239393236373b),
('e3luatame0r1dvpars8e4akfvmejcvdt', '35.91.19.58', 1663299278, 0x5f5f63695f6c6173745f726567656e65726174657c693a313636333239393237383b),
('2ea7s5nubpa5dg7juh600jihovpu0mce', '103.105.67.115', 1663300801, 0x5f5f63695f6c6173745f726567656e65726174657c693a313636333330303735393b5573657249447c733a313a2231223b557365727c733a31333a2241646d696e6973747261746f72223b6c6576656c7c733a353a2261646d696e223b666f746f7c733a31383a22666f746f313633333638313233332e6a7067223b),
('gj0t1vtbu7tq2eg0nu8itrbvnvrdbcpl', '103.105.67.115', 1663307160, 0x5f5f63695f6c6173745f726567656e65726174657c693a313636333330373135393b5573657249447c733a313a2231223b557365727c733a31333a2241646d696e6973747261746f72223b6c6576656c7c733a353a2261646d696e223b666f746f7c733a31383a22666f746f313633333638313233332e6a7067223b),
('6rkno5io10r0ukhp0ghejulo02p5ceac', '202.51.116.203', 1663311633, 0x5f5f63695f6c6173745f726567656e65726174657c693a313636333331303335383b5573657249447c733a313a2231223b557365727c733a31333a2241646d696e6973747261746f72223b6c6576656c7c733a353a2261646d696e223b666f746f7c733a31383a22666f746f313633333638313233332e6a7067223b),
('rbfjeqkf691btnibki9lh15fe20hn5ks', '202.51.116.203', 1663310358, 0x5f5f63695f6c6173745f726567656e65726174657c693a313636333331303335383b),
('1qo4pi1p900ljghona44s2eeldh71hl1', '157.55.39.20', 1663313115, 0x5f5f63695f6c6173745f726567656e65726174657c693a313636333331333131353b),
('3tc4d45vbn7e1fv2ves86gilaehakefb', '54.201.58.204', 1663325212, 0x5f5f63695f6c6173745f726567656e65726174657c693a313636333332353231323b),
('j49jnh951hmek7jco0cbun5nbnlp23k8', '34.213.64.115', 1663325214, 0x5f5f63695f6c6173745f726567656e65726174657c693a313636333332353231343b),
('45dkjis3492uf0faih9bskv4j97v5and', '202.51.116.203', 1663332998, 0x5f5f63695f6c6173745f726567656e65726174657c693a313636333333323834393b),
('tku4pd50dunkiig0utuj1erkcskdtvhd', '193.235.141.172', 1663333152, 0x5f5f63695f6c6173745f726567656e65726174657c693a313636333333333135323b),
('spc753jrgipk5d3the8uter4bpm7r51g', '202.51.116.203', 1663342121, 0x5f5f63695f6c6173745f726567656e65726174657c693a313636333334323037303b5573657249447c733a313a2232223b557365727c733a383a224f70657261746f72223b6c6576656c7c733a373a2270656761776169223b666f746f7c733a31383a22666f746f313633343738353434342e706e67223b),
('e6ita206u1h5itodgqt03qdn0uf5c369', '13.40.51.39', 1663347061, 0x5f5f63695f6c6173745f726567656e65726174657c693a313636333334373036313b),
('fppfm4ft1le2p9calhu7vlhcufrrchu1', '13.40.51.39', 1663347067, 0x5f5f63695f6c6173745f726567656e65726174657c693a313636333334373036373b),
('tdeqcn1vvrm7jlv72d61dkc2b2sqkfjh', '202.51.116.203', 1663358962, 0x5f5f63695f6c6173745f726567656e65726174657c693a313636333335383936323b),
('u7dk5prvpknqe972squqdbl3qe5u55c4', '202.51.116.203', 1663359694, 0x5f5f63695f6c6173745f726567656e65726174657c693a313636333335393639343b),
('m7ham1ltjghkmg30ktioqefe4d0tnj81', '54.201.137.83', 1663385145, 0x5f5f63695f6c6173745f726567656e65726174657c693a313636333338353134353b),
('qga92aujnu6jvhvqk7k0bv1s0q2jbvk7', '103.105.67.115', 1663418970, 0x5f5f63695f6c6173745f726567656e65726174657c693a313636333431383937303b),
('d21foal96t3m626ffn0bj4u40g305a6q', '34.221.142.157', 1663471591, 0x5f5f63695f6c6173745f726567656e65726174657c693a313636333437313539313b),
('7ok62hloc1jrme5c22s01s6do2o21270', '52.33.230.251', 1663471622, 0x5f5f63695f6c6173745f726567656e65726174657c693a313636333437313632323b),
('c6ofernqs7905fmh4jj2nf4oguila9ug', '35.92.94.65', 1663478038, 0x5f5f63695f6c6173745f726567656e65726174657c693a313636333437383033383b),
('93fbg20ffb7faeir3mfflkflo2hngs7s', '54.202.216.78', 1663478039, 0x5f5f63695f6c6173745f726567656e65726174657c693a313636333437383033393b),
('d3gjsmo09tf8h2ppe8mho4e735mkb0mh', '35.91.85.249', 1663482841, 0x5f5f63695f6c6173745f726567656e65726174657c693a313636333438323834313b),
('8kbimgdndj4mdagmfe19oedmts3l4rm5', '157.55.39.223', 1663502639, 0x5f5f63695f6c6173745f726567656e65726174657c693a313636333530323633393b),
('3dakfr7doo0c3k6tsscps1il3uikm2ts', '202.51.116.203', 1663520251, 0x5f5f63695f6c6173745f726567656e65726174657c693a313636333532303235313b),
('v65emvkv2ncfv787uj00vaj21v8smvgk', '202.51.116.203', 1663548348, 0x5f5f63695f6c6173745f726567656e65726174657c693a313636333534373835363b5573657249447c733a313a2232223b557365727c733a383a224f70657261746f72223b6c6576656c7c733a373a2270656761776169223b666f746f7c733a31383a22666f746f313633343738353434342e706e67223b636172745f636f6e74656e74737c613a31373a7b733a31303a22636172745f746f74616c223b643a373833383530303b733a31313a22746f74616c5f6974656d73223b643a3232333b733a33323a226562383730326633363362663933653536396631303033663361643364643935223b613a363a7b733a323a226964223b733a363a22474950303132223b733a333a22717479223b643a353b733a353a227072696365223b643a34323030303b733a343a226e616d65223b733a31393a224c6162656c20426172636f646520626c616e6b223b733a353a22726f776964223b733a33323a226562383730326633363362663933653536396631303033663361643364643935223b733a383a22737562746f74616c223b643a3231303030303b7d733a33323a226333373961343637333033306639313534646465323462633039643230643263223b613a363a7b733a323a226964223b733a363a22474950303233223b733a333a22717479223b643a343b733a353a227072696365223b643a31373030303b733a343a226e616d65223b733a31313a225069746120526962626f6e223b733a353a22726f776964223b733a33323a226333373961343637333033306639313534646465323462633039643230643263223b733a383a22737562746f74616c223b643a36383030303b7d733a33323a223263383166386564333638373464323235383561383032343534643331656334223b613a363a7b733a323a226964223b733a363a22474950303133223b733a333a22717479223b643a363b733a353a227072696365223b643a32303030303b733a343a226e616d65223b733a31373a224c6162656c2042657273696820416c6174223b733a353a22726f776964223b733a33323a223263383166386564333638373464323235383561383032343534643331656334223b733a383a22737562746f74616c223b643a3132303030303b7d733a33323a223937633364653531653963346132343262373864326664356361303366323537223b613a363a7b733a323a226964223b733a363a22474950303134223b733a333a22717479223b643a343b733a353a227072696365223b643a32303030303b733a343a226e616d65223b733a32303a224c6162656c20426572736968205275616e67616e223b733a353a22726f776964223b733a33323a223937633364653531653963346132343262373864326664356361303366323537223b733a383a22737562746f74616c223b643a38303030303b7d733a33323a223637613835326236396162663537383561316430336137633861313933626437223b613a363a7b733a323a226964223b733a363a22474950303135223b733a333a22717479223b643a353b733a353a227072696365223b643a32303030303b733a343a226e616d65223b733a33323a224c6162656c205275616e67616e20536564616e672044696265727369686b616e223b733a353a22726f776964223b733a33323a223637613835326236396162663537383561316430336137633861313933626437223b733a383a22737562746f74616c223b643a3130303030303b7d733a33323a223034303635613731356466363866393230306430323734653335633133363464223b613a363a7b733a323a226964223b733a363a22474950303136223b733a333a22717479223b643a343b733a353a227072696365223b643a32303030303b733a343a226e616d65223b733a32353a224c6162656c2050726f64756b2044616c616d2050726f736573223b733a353a22726f776964223b733a33323a223034303635613731356466363866393230306430323734653335633133363464223b733a383a22737562746f74616c223b643a38303030303b7d733a33323a223439303962396630333462363137633337386331313966323936306636306264223b613a363a7b733a323a226964223b733a363a22474950303138223b733a333a22717479223b643a343b733a353a227072696365223b643a32303030303b733a343a226e616d65223b733a31393a224c6162656c20536564616e672050726f736573223b733a353a22726f776964223b733a33323a223439303962396630333462363137633337386331313966323936306636306264223b733a383a22737562746f74616c223b643a38303030303b7d733a33323a223262383237666564393239356432376362666362633030623435346430336633223b613a363a7b733a323a226964223b733a363a22474950303230223b733a333a22717479223b643a31303b733a353a227072696365223b643a3232353030303b733a343a226e616d65223b733a31343a224d616b65205570206c742e203220223b733a353a22726f776964223b733a33323a223262383237666564393239356432376362666362633030623435346430336633223b733a383a22737562746f74616c223b643a323235303030303b7d733a33323a223130666665393332656361653931666338656364383333353038666237333665223b613a363a7b733a323a226964223b733a363a22474950303036223b733a333a22717479223b643a323b733a353a227072696365223b643a33333030303b733a343a226e616d65223b733a32383a2242756b752050656e67656d62616c69616e205065726d696e7461616e223b733a353a22726f776964223b733a33323a223130666665393332656361653931666338656364383333353038666237333665223b733a383a22737562746f74616c223b643a36363030303b7d733a33323a223439383865356639393336356235353638663863653635363162636433623735223b613a363a7b733a323a226964223b733a363a22474950303131223b733a333a22717479223b643a31303b733a353a227072696365223b643a323435303b733a343a226e616d65223b733a32323a224c4f44204b6563696c20556b2e203538207820343820223b733a353a22726f776964223b733a33323a223439383865356639393336356235353638663863653635363162636433623735223b733a383a22737562746f74616c223b643a32343530303b7d733a33323a223836316165333937613166333665303432636133613464633030646361633033223b613a363a7b733a323a226964223b733a363a22474950303438223b733a333a22717479223b643a31303b733a353a227072696365223b643a39303030303b733a343a226e616d65223b733a31393a22536172756e672054616e67616e205075746968223b733a353a22726f776964223b733a33323a223836316165333937613166333665303432636133613464633030646361633033223b733a383a22737562746f74616c223b643a3930303030303b7d733a33323a223631666532663831656432323466376332623866653932663964636563313766223b613a363a7b733a323a226964223b733a363a22474950303139223b733a333a22717479223b643a33303b733a353a227072696365223b643a313030303b733a343a226e616d65223b733a353a224d616a756e223b733a353a22726f776964223b733a33323a223631666532663831656432323466376332623866653932663964636563313766223b733a383a22737562746f74616c223b643a33303030303b7d733a33323a226130663264633634306530363338623561646233326636323539303632373537223b613a363a7b733a323a226964223b733a363a22474950303433223b733a333a22717479223b643a343b733a353a227072696365223b643a36363837353b733a343a226e616d65223b733a393a22537769706520416c6c223b733a353a22726f776964223b733a33323a226130663264633634306530363338623561646233326636323539303632373537223b733a383a22737562746f74616c223b643a3236373530303b7d733a33323a223538363732343534326536666239636634366365376139323939666536373930223b613a363a7b733a323a226964223b733a363a22474950303236223b733a333a22717479223b643a37353b733a353a227072696365223b643a32383530303b733a343a226e616d65223b733a32303a22506c617374696b205461626c6574203430783730223b733a353a22726f776964223b733a33323a223538363732343534326536666239636634366365376139323939666536373930223b733a383a22737562746f74616c223b643a323133373530303b7d733a33323a226237313530633566363331373437343631626136633437366163353634663838223b613a363a7b733a323a226964223b733a363a22474950303234223b733a333a22717479223b643a35303b733a353a227072696365223b643a32383530303b733a343a226e616d65223b733a32303a22506c617374696b204a756d626f20373578313330223b733a353a22726f776964223b733a33323a226237313530633566363331373437343631626136633437366163353634663838223b733a383a22737562746f74616c223b643a313432353030303b7d7d),
('bvdsbafkptttc8elqq7lsdinv8j2tgr8', '202.51.116.203', 1663548056, 0x5f5f63695f6c6173745f726567656e65726174657c693a313636333534383035363b),
('rhtqo0ag3trinc6ablr0dtlfjj4g5gh9', '202.51.116.203', 1663548385, 0x5f5f63695f6c6173745f726567656e65726174657c693a313636333534383337303b5573657249447c733a313a2232223b557365727c733a383a224f70657261746f72223b6c6576656c7c733a373a2270656761776169223b666f746f7c733a31383a22666f746f313633343738353434342e706e67223b),
('o5bqe5vsm03gf67r46at3fi559gmck7u', '202.51.116.203', 1663549229, 0x5f5f63695f6c6173745f726567656e65726174657c693a313636333534383835373b5573657249447c733a313a2232223b557365727c733a383a224f70657261746f72223b6c6576656c7c733a373a2270656761776169223b666f746f7c733a31383a22666f746f313633343738353434342e706e67223b636172745f636f6e74656e74737c613a31303a7b733a31303a22636172745f746f74616c223b643a323737353030303b733a31313a22746f74616c5f6974656d73223b643a34333b733a33323a226562383730326633363362663933653536396631303033663361643364643935223b613a363a7b733a323a226964223b733a363a22474950303132223b733a333a22717479223b643a31323b733a353a227072696365223b643a34323030303b733a343a226e616d65223b733a31393a224c6162656c20426172636f646520626c616e6b223b733a353a22726f776964223b733a33323a226562383730326633363362663933653536396631303033663361643364643935223b733a383a22737562746f74616c223b643a3530343030303b7d733a33323a226333373961343637333033306639313534646465323462633039643230643263223b613a363a7b733a323a226964223b733a363a22474950303233223b733a333a22717479223b643a31353b733a353a227072696365223b643a31373030303b733a343a226e616d65223b733a31313a225069746120526962626f6e223b733a353a22726f776964223b733a33323a226333373961343637333033306639313534646465323462633039643230643263223b733a383a22737562746f74616c223b643a3235353030303b7d733a33323a223262383237666564393239356432376362666362633030623435346430336633223b613a363a7b733a323a226964223b733a363a22474950303230223b733a333a22717479223b643a383b733a353a227072696365223b643a3232353030303b733a343a226e616d65223b733a31343a224d616b65205570206c742e203220223b733a353a22726f776964223b733a33323a223262383237666564393239356432376362666362633030623435346430336633223b733a383a22737562746f74616c223b643a313830303030303b7d733a33323a223263383166386564333638373464323235383561383032343534643331656334223b613a363a7b733a323a226964223b733a363a22474950303133223b733a333a22717479223b643a333b733a353a227072696365223b643a32303030303b733a343a226e616d65223b733a31373a224c6162656c2042657273696820416c6174223b733a353a22726f776964223b733a33323a223263383166386564333638373464323235383561383032343534643331656334223b733a383a22737562746f74616c223b643a36303030303b7d733a33323a223937633364653531653963346132343262373864326664356361303366323537223b613a363a7b733a323a226964223b733a363a22474950303134223b733a333a22717479223b643a323b733a353a227072696365223b643a32303030303b733a343a226e616d65223b733a32303a224c6162656c20426572736968205275616e67616e223b733a353a22726f776964223b733a33323a223937633364653531653963346132343262373864326664356361303366323537223b733a383a22737562746f74616c223b643a34303030303b7d733a33323a223637613835326236396162663537383561316430336137633861313933626437223b613a363a7b733a323a226964223b733a363a22474950303135223b733a333a22717479223b643a313b733a353a227072696365223b643a32303030303b733a343a226e616d65223b733a33323a224c6162656c205275616e67616e20536564616e672044696265727369686b616e223b733a353a22726f776964223b733a33323a223637613835326236396162663537383561316430336137633861313933626437223b733a383a22737562746f74616c223b643a32303030303b7d733a33323a223439303962396630333462363137633337386331313966323936306636306264223b613a363a7b733a323a226964223b733a363a22474950303138223b733a333a22717479223b643a313b733a353a227072696365223b643a32303030303b733a343a226e616d65223b733a31393a224c6162656c20536564616e672050726f736573223b733a353a22726f776964223b733a33323a223439303962396630333462363137633337386331313966323936306636306264223b733a383a22737562746f74616c223b643a32303030303b7d733a33323a223066393831336435336238303535643137663937336637343462313764356331223b613a363a7b733a323a226964223b733a363a22474950303038223b733a333a22717479223b643a313b733a353a227072696365223b643a37363030303b733a343a226e616d65223b733a31363a22494a205761736820536f6c7574696f6e223b733a353a22726f776964223b733a33323a223066393831336435336238303535643137663937336637343462313764356331223b733a383a22737562746f74616c223b643a37363030303b7d7d),
('mi91jj30sboteqgsp9jqod2csv1o1tjm', '202.51.116.203', 1663549543, 0x5f5f63695f6c6173745f726567656e65726174657c693a313636333534393339363b5573657249447c733a313a2232223b557365727c733a383a224f70657261746f72223b6c6576656c7c733a373a2270656761776169223b666f746f7c733a31383a22666f746f313633343738353434342e706e67223b),
('ho1js24er7dnqjr9154o6s81n7nqp6lr', '103.105.67.115', 1663549633, 0x5f5f63695f6c6173745f726567656e65726174657c693a313636333534393632313b5573657249447c733a313a2231223b557365727c733a31333a2241646d696e6973747261746f72223b6c6576656c7c733a353a2261646d696e223b666f746f7c733a31383a22666f746f313633333638313233332e6a7067223b),
('4esg4ouf1vo98u6i4b9hn29l3k31m5hm', '202.51.116.203', 1663549756, 0x5f5f63695f6c6173745f726567656e65726174657c693a313636333534393732383b616c6572747c733a32323a225573657220746964616b2064696b656e616c692e2e2e223b5f5f63695f766172737c613a313a7b733a353a22616c657274223b733a333a226e6577223b7d),
('r6nc1tkm3jkbtp5fj8tvvid3jhon2qta', '202.51.116.203', 1663550060, 0x5f5f63695f6c6173745f726567656e65726174657c693a313636333534393739353b5573657249447c733a313a2232223b557365727c733a383a224f70657261746f72223b6c6576656c7c733a373a2270656761776169223b666f746f7c733a31383a22666f746f313633343738353434342e706e67223b),
('qa75oeu8sqptg4892imqri6tsehp5cek', '202.51.116.203', 1663550018, 0x5f5f63695f6c6173745f726567656e65726174657c693a313636333534393837373b5573657249447c733a313a2232223b557365727c733a383a224f70657261746f72223b6c6576656c7c733a373a2270656761776169223b666f746f7c733a31383a22666f746f313633343738353434342e706e67223b),
('lhkkh4adervp8i1ocbg99ettp803orev', '103.105.67.115', 1663550392, 0x5f5f63695f6c6173745f726567656e65726174657c693a313636333535303338383b5573657249447c733a313a2231223b557365727c733a31333a2241646d696e6973747261746f72223b6c6576656c7c733a353a2261646d696e223b666f746f7c733a31383a22666f746f313633333638313233332e6a7067223b),
('2fn96hb41ek4e3u9sa6ar1mhf914f6e8', '202.51.116.203', 1663550470, 0x5f5f63695f6c6173745f726567656e65726174657c693a313636333535303437303b5573657249447c733a313a2232223b557365727c733a383a224f70657261746f72223b6c6576656c7c733a373a2270656761776169223b666f746f7c733a31383a22666f746f313633343738353434342e706e67223b),
('crd9056atpjtplmu5ecfb0ab7qbb1asm', '54.213.162.226', 1663550541, 0x5f5f63695f6c6173745f726567656e65726174657c693a313636333535303534313b),
('6dh0o1v8pob0tcadt2risfguatpk0qn9', '202.51.116.203', 1663551301, 0x5f5f63695f6c6173745f726567656e65726174657c693a313636333535313136353b5573657249447c733a313a2232223b557365727c733a383a224f70657261746f72223b6c6576656c7c733a373a2270656761776169223b666f746f7c733a31383a22666f746f313633343738353434342e706e67223b),
('73itt53slu2en19f8urt60igmg3bahm7', '202.51.116.203', 1663551306, 0x5f5f63695f6c6173745f726567656e65726174657c693a313636333535313330363b),
('kmr0l0tic022s44isshuq68n1th2qls8', '202.51.116.203', 1663551946, 0x5f5f63695f6c6173745f726567656e65726174657c693a313636333535313634333b5573657249447c733a313a2231223b557365727c733a31333a2241646d696e6973747261746f72223b6c6576656c7c733a353a2261646d696e223b666f746f7c733a31383a22666f746f313633333638313233332e6a7067223b),
('1j9h7gad3seaj8lquu1h47sm074q7nd7', '202.51.116.203', 1663552127, 0x5f5f63695f6c6173745f726567656e65726174657c693a313636333535313935353b5573657249447c733a313a2231223b557365727c733a31333a2241646d696e6973747261746f72223b6c6576656c7c733a353a2261646d696e223b666f746f7c733a31383a22666f746f313633333638313233332e6a7067223b),
('ff4pklb8qp897kd97d88cds5lj8jv1sp', '103.105.67.115', 1663555552, 0x5f5f63695f6c6173745f726567656e65726174657c693a313636333535353534363b5573657249447c733a313a2231223b557365727c733a31333a2241646d696e6973747261746f72223b6c6576656c7c733a353a2261646d696e223b666f746f7c733a31383a22666f746f313633333638313233332e6a7067223b),
('cjnku57ftlma0r5jek5am49pr5kbk0sc', '202.51.116.203', 1663559521, 0x5f5f63695f6c6173745f726567656e65726174657c693a313636333535393532303b),
('onsbmnkfefpm6283n2e5urq6enfs3pks', '185.27.99.130', 1663562723, 0x5f5f63695f6c6173745f726567656e65726174657c693a313636333536323732333b);

-- --------------------------------------------------------

--
-- Struktur dari tabel `tbl_barang`
--

CREATE TABLE `tbl_barang` (
  `kode_barang` varchar(6) NOT NULL,
  `nama_barang` varchar(255) NOT NULL,
  `brand` varchar(255) NOT NULL,
  `stok` int(11) NOT NULL DEFAULT 0,
  `harga` double NOT NULL,
  `active` enum('Y','N') NOT NULL DEFAULT 'Y'
) ENGINE=InnoDB DEFAULT CHARSET=utf8mb4;

--
-- Dumping data untuk tabel `tbl_barang`
--

INSERT INTO `tbl_barang` (`kode_barang`, `nama_barang`, `brand`, `stok`, `harga`, `active`) VALUES
('GIP001', 'Aluminium Sample ', 'Pcs', 96, 20712, 'Y'),
('GIP002', 'Autosol ', 'Pcs', 6, 32000, 'Y'),
('GIP003', 'Blue Ocean', 'Jerigen', 5, 1000, 'Y'),
('GIP004', 'Buku Label Staging bahan awal filco suco ', 'Buku', 1, 1000, 'Y'),
('GIP005', 'Buku log book staging alufoil ', 'Buku', 1, 1000, 'Y'),
('GIP006', 'Buku Pengembalian Permintaan', 'Buku', 15, 33000, 'Y'),
('GIP007', 'Ciff Cream ', 'Pcs', 9, 34800, 'Y'),
('GIP008', 'IJ Wash Solution', 'Jerigen', 9, 76000, 'Y'),
('GIP009', 'Isi stapler OB', 'Box', 49, 1000, 'N'),
('GIP010', 'LOD Besar Uk.  75 x 65', 'Roll', 213, 1000, 'Y'),
('GIP011', 'LOD Kecil Uk. 58 x 48 ', 'Roll', 90, 2450, 'Y'),
('GIP012', 'Label Barcode blank', 'roll', 142, 42000, 'Y'),
('GIP013', 'Label Bersih Alat', 'Rim', 8, 20000, 'Y'),
('GIP014', 'Label Bersih Ruangan', 'Rim', 6, 20000, 'Y'),
('GIP015', 'Label Ruangan Sedang Dibersihkan', 'Rim', 7, 20000, 'Y'),
('GIP016', 'Label Produk Dalam Proses', 'Rim', 9, 20000, 'Y'),
('GIP017', 'Label Sampel Produk ', 'Rim', 12, 21000, 'Y'),
('GIP018', 'Label Sedang Proses', 'Rim', 3, 20000, 'Y'),
('GIP019', 'Majun', 'Kg', 20, 1000, 'Y'),
('GIP020', 'Make Up lt. 2 ', 'Botol', 68, 225000, 'Y'),
('GIP021', 'Pita ERC 09', 'Pcs', 140, 28500, 'Y'),
('GIP022', 'Pita ERC 38', 'Pcs', 21, 27000, 'Y'),
('GIP023', 'Pita Ribbon', 'Roll', 154, 17000, 'Y'),
('GIP024', 'Plastik Jumbo 75x130', 'Kg', 304, 28500, 'Y'),
('GIP025', 'Plastik Jumbo Hitam ', 'Kg', 475, 1000, 'Y'),
('GIP026', 'Plastik Tablet 40x70', 'Kg', 500, 28500, 'Y'),
('GIP027', 'Plastik Wrap', 'Roll', 6, 59000, 'Y'),
('GIP028', 'Sikat gigi', 'Pcs', 13, 8000, 'Y'),
('GIP029', 'Sikat poles punches', 'Pcs', 48, 18500, 'Y'),
('GIP030', 'Sikat Sealling uk.250x30x25 mm', 'Pcs', 15, 1000, 'Y'),
('GIP031', 'Spatula Besar', 'Pcs', 19, 53000, 'Y'),
('GIP032', 'Tinta JP K-33', 'Botol', 8, 1250000, 'Y'),
('GIP033', 'Tinta Solujet 5103K Triacom', 'Botol', 16, 902500, 'Y'),
('GIP034', 'Toner HP CF280A Compatible', 'Ea', 5, 485000, 'Y'),
('GIP035', 'TONER HP LASERJET 1102 CE285A 85 COMPATIBLE', 'Ea', 4, 1000, 'Y'),
('GIP036', 'Catridge Printer Color LaserJet Pro MFP M177 CF350A Black ', 'Ea', 5, 295000, 'Y'),
('GIP037', 'Catridge Printer Color LaserJet Pro MFP M177 CF351A Cyan', 'Ea', 6, 295000, 'Y'),
('GIP038', 'Catridge Printer Color LaserJet Pro MFP M177 CF352A Yellow', 'Ea', 6, 295000, 'Y'),
('GIP039', 'Catridge Printer Color LaserJet Pro MFP M177 CF353A Magenta', 'Ea', 5, 295000, 'Y'),
('GIP040', 'Catridge Epson LX-300', 'Pcs', 1, 1000, 'Y'),
('GIP041', 'Toner HP LaserJet Q7553A Compatible', 'Pcs', 8, 1000, 'Y'),
('GIP043', 'Swipe All', 'Pcs', 54, 66875, 'Y'),
('GIP044', 'Sepatu Produksi ', 'Set', 0, 1000, 'Y'),
('GIP045', 'Sikat Turet', 'Pcs', 7, 1000, 'N'),
('GIP046', 'Spatula Kecil', 'Pcs', 11, 1000, 'Y'),
('GIP047', 'Catridge - HP Laser Jet CE 505 A', 'unit', 5, 330000, 'Y'),
('GIP048', 'Sarung Tangan Putih', 'Box', 5, 90000, 'Y'),
('GIP050', 'Seal Punch Beta', 'Pcs', 437, 40000, 'Y'),
('GIP051', 'Seal Punch Delta', 'Pcs', 1, 50000, 'Y'),
('GIP052', 'Respirator ', 'pcs', 39, 250000, 'Y'),
('GIP053', 'Goggles', 'pcs', 40, 64800, 'Y'),
('GIP054', 'Earmuff', 'pcs', 18, 130800, 'Y'),
('GIP055', 'Punches Atas Vitazym', 'Pcs', 6, 946236, 'Y'),
('GIP057', 'Punches Bawah Vitazym', 'pcs', 6, 946236, 'Y'),
('GIP058', 'DIES Vitazym', 'pcs', 6, 946236, 'Y'),
('GIP059', 'Punches Atas Librozym', 'pcs', 4, 946236, 'Y'),
('GIP060', 'Punches Bawah Librozym', 'pcs', 4, 946236, 'Y'),
('GIP061', 'Dies Librozym', 'pcs', 4, 946236, 'Y'),
('GIP062', 'Punches Atas Divoltar', 'pcs', 4, 946236, 'Y'),
('GIP063', 'Punches Bawah Divoltar', 'pcs', 4, 946236, 'Y'),
('GIP064', 'Dies Divoltar', 'pcs', 4, 946236, 'Y'),
('GIP065', 'Punches Atas Ciprofloxacin', 'pcs', 8, 946236, 'Y'),
('GIP066', 'Punches Bawah Ciprofloxacin', 'pcs', 9, 946236, 'Y'),
('GIP067', 'Dies Ciprofloxacin', 'pcs', 6, 946236, 'Y'),
('GIP068', 'Punches Atas Hexalgin', 'pcs', 27, 946236, 'Y'),
('GIP069', 'Punches Bawah Hexalgin', 'pcs', 31, 946236, 'Y'),
('GIP070', 'Dies Hexalgin', 'pcs', 31, 946236, 'Y'),
('GIP071', 'Punches Atas Levofloxacin', 'pcs', 31, 946236, 'Y'),
('GIP072', 'Punches Bawah Levofloxacin', 'pcs', 31, 946236, 'Y'),
('GIP073', 'Dies Levofloxacin', 'pcs', 0, 946236, 'Y'),
('GIP074', 'Punches Atas Dapyrin', 'pcs', 8, 946236, 'Y'),
('GIP075', 'Punches Bawah Dapyrin', 'pcs', 8, 946236, 'Y'),
('GIP076', 'Dies Dapyrin', 'pcs', 8, 946236, 'Y'),
('GIP077', 'Punches Atas Diklofenak Potassium', 'pcs', 2, 946236, 'Y'),
('GIP078', 'Punches Bawah Diklofenak Potassium', 'pcs', 1, 946236, 'Y'),
('GIP079', 'Dies Diklofenak Potassium', 'pcs', 1, 946236, 'Y'),
('GIP080', 'Punches Atas Atorvastatin 10mg', 'pcs', 1, 946236, 'Y'),
('GIP081', 'Punches Bawah Atorvastatin 10mg', 'pcs', 1, 946236, 'Y'),
('GIP082', 'Dies Atorvastatin 10mg', 'pcs', 1, 946236, 'Y'),
('GIP083', 'Punches Atas Emineton Delta', 'pcs', 1, 946236, 'Y'),
('GIP084', 'Punches Bawah Emineton', 'pcs', 0, 946236, 'Y'),
('GIP085', 'Dies Emineton Beta', 'pcs', 22, 946236, 'Y'),
('GIP086', 'Punches Atas Simuastatin 20mg', 'pcs', 1, 946236, 'Y'),
('GIP087', 'Punches Bawah Simuastatin 20mg', 'pcs', 1, 946236, 'Y'),
('GIP088', 'Dies Simuastatin 20mg', 'pcs', 0, 946236, 'Y'),
('GIP089', 'Punches Atas Atorvastatin 10mg', 'pcs', 1, 946236, 'Y'),
('GIP090', 'Punches Bawah Atorvastatin 10mg', 'pcs', 1, 946236, 'Y'),
('GIP091', 'Dies Atorvastatin 10mg', 'pcs', 1, 946236, 'Y'),
('GIP092', 'Punches Atas Emineton Beta', 'pcs', 22, 946236, 'Y'),
('GIP093', 'Punches Bawah Emineton Beta', 'pcs', 22, 946236, 'Y'),
('GIP094', 'Dies Eminofon', 'pcs', 0, 946236, 'Y'),
('GIP095', 'Punches Atas Simkastatin 20mg', 'pcs', 0, 946236, 'Y'),
('GIP096', 'Punches Bawah Simkastatin 20mg', 'pcs', 0, 946236, 'Y'),
('GIP097', 'Dies Simvastatin 20mg', 'pcs', 0, 946236, 'Y'),
('GIP098', 'Punches Atas Diklotenat Potessium', 'pcs', 0, 946236, 'Y'),
('GIP099', 'Punches Bawah Diklotenat Potessium', 'pcs', 1, 946236, 'Y'),
('GIP100', 'Dies Diklotenat Potessium', 'pcs', 2, 946236, 'Y'),
('GIP101', 'Punches Atas Glucosamint', 'pcs', 5, 946236, 'Y'),
('GIP102', 'Punches Bawah Glucosamint', 'pcs', 6, 946236, 'Y'),
('GIP103', 'Dies Glucosamint', 'pcs', 5, 946236, 'Y'),
('GIP104', 'Punches Atas Spasminal', 'pcs', 4, 946236, 'Y'),
('GIP105', 'Punches Bawah Spasminal', 'pcs', 4, 946236, 'Y'),
('GIP106', 'Dies Spasminal', 'pcs', 1, 946236, 'Y'),
('GIP107', 'Punches Atas Ciprofloxacin', 'pcs', 2, 946236, 'Y'),
('GIP108', 'Punches Bawah Ciprofloxacin', 'pcs', 3, 946236, 'Y'),
('GIP109', 'Dies Ciprofloxacin', 'pcs', 0, 946236, 'Y'),
('GIP110', 'Punches Atas Ranitidine', 'pcs', 4, 946236, 'Y'),
('GIP111', 'Punches Bawah Ranitidine', 'pcs', 4, 946236, 'Y'),
('GIP112', 'Dies Ranitidine', 'pcs', 4, 946236, 'Y'),
('GIP113', 'Punches Atas Metformin DB line 3', 'pcs', 17, 946236, 'Y'),
('GIP114', 'Punches Bawah Metformin DB LINE 3', 'pcs', 7, 946236, 'Y'),
('GIP115', 'Dies Metformin DB line 3', 'pcs', 2, 946236, 'Y'),
('GIP116', 'Punches Atas Allopurinol 300mg', 'pcs', 1, 946236, 'Y'),
('GIP117', 'Punches Bawah Allopurinol 300mg', 'pcs', 0, 946236, 'Y'),
('GIP118', 'Dies Allopurinol 300mg', 'pcs', 0, 946236, 'Y'),
('GIP119', 'Punches Atas Aciclovir 400mg beta', 'pcs', 5, 946236, 'Y'),
('GIP120', 'Punches Bawah Aciclovir 400mg beta', 'pcs', 85, 946236, 'Y'),
('GIP121', 'Dies Aciclovir 400mg beta', 'pcs', 10, 946236, 'Y'),
('GIP122', 'Punches Atas Ketoconazole DB', 'pcs', 5, 946236, 'Y'),
('GIP123', 'Punches Bawah Ketoconazole DB', 'pcs', 5, 946236, 'Y'),
('GIP124', 'Dies Ketoconazole DB', 'pcs', 5, 946236, 'Y'),
('GIP125', 'Punches Atas Methylprednisolone 4mg DB', 'pcs', 5, 946236, 'Y'),
('GIP126', 'Punches Bawah Methylprednisolone 4mg DB', 'pcs', 4, 946236, 'Y'),
('GIP127', 'Dies Methylprednisolone 4mg DB', 'pcs', 5, 946236, 'Y'),
('GIP128', 'Punches Atas Danasone DB', 'pcs', 3, 946236, 'Y'),
('GIP129', 'Punches Bawah Danasone DB', 'pcs', 4, 946236, 'Y'),
('GIP130', 'Dies Danasone DB', 'pcs', 5, 946236, 'Y'),
('GIP131', 'Punches Atas Sonamin', 'pcs', 42, 946236, 'Y'),
('GIP132', 'Punches Bawah Sonamin', 'pcs', 36, 946236, 'Y'),
('GIP133', 'Dies Sonamin', 'pcs', 0, 946236, 'Y'),
('GIP134', 'Punches Atas Danasone B', 'pcs', 0, 946236, 'Y'),
('GIP135', 'Punches Bawah Danasone B', 'pcs', 18, 946236, 'Y'),
('GIP136', 'Dies Danasone B', 'pcs', 0, 946236, 'Y'),
('GIP137', 'Punches Atas Allopurinol 100mg', 'pcs', 1, 946236, 'Y'),
('GIP138', 'Punches Bawah Allopurinol 100mg', 'pcs', 4, 946236, 'Y'),
('GIP139', 'Dies Allopurinol 100mg', 'pcs', 0, 946236, 'Y'),
('GIP140', 'Punches Atas Glimepiride DB', 'pcs', 42, 946236, 'Y'),
('GIP141', 'Punches Bawah Glimepiride DB', 'pcs', 42, 946236, 'Y'),
('GIP142', 'Dies Glimepiride DB', 'pcs', 10, 946236, 'Y'),
('GIP143', 'Punches Atas Alodan 300mg', 'pcs', 2, 946236, 'Y'),
('GIP144', 'Punches Bawah Alodan 300mg', 'pcs', 0, 946236, 'Y'),
('GIP145', 'Dies Alodan 300mg', 'pcs', 0, 946236, 'Y'),
('GIP146', 'Punches Atas Domperidone 10mg', 'pcs', 5, 946236, 'Y'),
('GIP147', 'Punches Bawah Domperidone 10mg', 'pcs', 8, 946236, 'Y'),
('GIP148', 'Dies Domperidone 10mg', 'pcs', 6, 946236, 'Y'),
('GIP149', 'Punches Atas Methylprednisolone 4mg', 'pcs', 0, 946236, 'Y'),
('GIP150', 'Punches Bawah Methylprednisolone 4mg', 'pcs', 0, 946236, 'Y'),
('GIP151', 'Dies Methylprednisolone 4mg', 'pcs', 0, 946236, 'Y'),
('GIP152', 'Punches Atas Glimepiride 1234', 'pcs', 3, 946236, 'Y'),
('GIP153', 'Punches Bawah Glimepiride 1234', 'pcs', 2, 946236, 'Y'),
('GIP154', 'Dies Glimepiride 1234', 'pcs', 42, 946236, 'Y'),
('GIP155', 'Punches Atas Glimetic', 'pcs', 8, 946236, 'Y'),
('GIP156', 'Punches Bawah Glimetic', 'pcs', 7, 946236, 'Y'),
('GIP157', 'Dies Glimetic', 'pcs', 11, 946236, 'Y'),
('GIP158', 'PUNCHES ATAS MULTYTIP AMLODIPINE', 'PCS', 2, 946236, 'Y'),
('GIP159', 'PUNCHES BAWAH MULTYTIP AMLODIPINE', 'PCS', 4, 946236, 'Y'),
('GIP160', 'DIES MULTYTIP AMLODIPINE', 'PCS', 4, 946236, 'Y'),
('GIP161', 'PUNCHES ATAS METFORMIN DB LINE 6', 'PCS', 8, 946236, 'Y'),
('GIP162', 'PUNCHES BAWAH METFORMIN DB LINE 6', 'PCS', 7, 946236, 'Y'),
('GIP163', 'DIES METFORMIN DB LINE 6', 'PCS', 8, 946236, 'Y'),
('GIP164', 'PUNCHES ATAS HEVIT C500 DELTA', 'PCS', 4, 946236, 'Y'),
('GIP165', 'PUNCHES BAWAH HEVIT C 500 DELTA', 'PCS', 4, 946236, 'Y'),
('GIP166', 'DIES HEVIT C 500 DELTA', 'PCS', 4, 946236, 'Y'),
('GIP167', 'PUNCHES ATAS METFORMIN DELTA LINE 6', 'PCS', 2, 946236, 'Y'),
('GIP168', 'PUNCHES BAWAH METFORMIN DELTA LINE 6', 'PCS', 2, 946236, 'Y'),
('GIP169', 'DIES METFORMIN DELTA LINE 6', 'PCS', 2, 946236, 'Y'),
('GIP170', 'PUNCHES ATAS HEVIT C 1000', 'PCS', 5, 946236, 'Y'),
('GIP172', 'DIES HEVIT C 1000', 'PCS', 5, 946236, 'Y'),
('GIP173', 'PUNCHES BAWAH HEVIT C 1000', 'PCS', 5, 946236, 'Y'),
('GIP174', 'DIES DAPYRIN DB LINE 1', 'PCS', 40, 946236, 'Y'),
('GIP175', 'PUNCHES ATAS METFORMIN DELTA LINE 3', 'PCS', 13, 946236, 'Y'),
('GIP176', 'PUNCHES BAWAH METFORMIN DELTA LINE 3', 'PCS', 11, 946236, 'Y'),
('GIP177', 'DIES METFORMIN DELTA LINE 3', 'PCS', 10, 946236, 'Y'),
('GIP178', 'PUNCHES ATAS ACYCLOVIR 400 DELTA', 'PCS', 66, 946236, 'Y'),
('GIP179', 'PUNCHES BAWAH ACYCLOVIR 400 DELTA', 'PCS', 64, 946236, 'Y'),
('GIP180', 'DIES ACYCLOVIR 400 DELTA', 'PCS', 41, 946236, 'Y'),
('GIP181', 'DIES SPASMINAL KAPLET LINE 3', 'PCS', 11, 946236, 'Y'),
('GIP182', 'Hansaplast 1.25 cm x 5 m', 'Roll', 12, 10500, 'Y'),
('GIP183', 'PUNCHES ATAS FASGO FORTE LINE 2', 'PCS', 4, 946236, 'Y'),
('GIP184', 'PUNCHES BAWAH FASGO FORTE LINE 2', 'PCS', 4, 946236, 'Y'),
('GIP185', 'DIES FASGO FORTE LINE 2', 'PCS', 4, 946236, 'Y'),
('GIP186', 'Baju  SPV Kelas F UK. L', 'Pcs', 0, 192000, 'Y'),
('GIP187', 'Baju SPV Kelas F UK. M', 'Pcs', 5, 192000, 'Y'),
('GIP188', 'Baju SPV Kelas E UK. M', 'Pcs', 2, 189000, 'Y'),
('GIP189', 'Baju SPV Kelas E UK.  L', 'Pcs', 6, 189000, 'Y'),
('GIP190', 'Baju SPV Kelas F UK. XL', 'Pcs', 2, 189000, 'Y'),
('GIP191', 'Baju SPV Kelas E UK. XXL', 'Pcs', 2, 189000, 'Y'),
('GIP193', 'CATRIDGE 3M', 'PCS', 41, 85000, 'Y'),
('GIP194', 'SEPATU KELAS F UKR 36', 'PCS', 20, 45000, 'Y'),
('GIP195', 'SEPATU KELAS F UKR 37', 'PCS', 27, 45000, 'Y'),
('GIP196', 'SEPATU KELAS F UKR 38', 'PCS', 25, 45000, 'Y'),
('GIP197', 'SEPATU KELAS F UKR 39', 'PCS', 25, 45000, 'Y'),
('GIP198', 'SEPATU KELAS F UKR 40', 'PCS', 48, 45000, 'Y'),
('GIP199', 'SEPATU KELAS F UKR 41', 'PCS', 63, 45000, 'Y'),
('GIP200', 'SEPATU KELAS F UKR 42', 'PCS', 66, 45000, 'Y'),
('GIP201', 'SEPATU KELAS F UKR 43', 'PCS', 22, 45000, 'Y'),
('GIP202', 'SEPATU KELAS F UKR 44', 'PCS', 7, 45000, 'Y'),
('GIP203', 'SEPATU KELAS F UKR 45', 'PCS', 9, 45000, 'Y'),
('GIP204', 'SEPATU KELAS E UKR 36', 'PCS', 1, 45000, 'Y'),
('GIP205', 'SEPATU KELAS E UKR 37', 'PCS', 9, 45000, 'Y'),
('GIP206', 'SEPATU KELAS E UKR 38', 'PCS', 6, 45000, 'Y'),
('GIP207', 'SEPATU KELAS E UKR 39', 'PCS', 14, 45000, 'Y'),
('GIP208', 'SEPATU KELAS E UKR 40', 'PCS', 22, 45000, 'Y'),
('GIP209', 'SEPATU KELAS E UKR 41', 'PCS', 51, 45000, 'Y'),
('GIP210', 'SEPATU KELAS E UKR 42', 'PCS', 48, 45000, 'Y'),
('GIP212', 'SEPATU KELAS E UKR 43', 'PCS', 1, 45000, 'Y'),
('GIP213', 'SEPATU KELAS E UKR 44', 'PCS', 3, 45000, 'Y'),
('GIP214', 'SEPATU KELAS E UKR 45', 'PCS', 0, 45000, 'Y'),
('GIP215', 'PUNCHES ATAS TICAGLEROR LINE 1', 'PCS', 4, 946236, 'Y'),
('GIP216', 'PUNCHES BAWAH TICAGRELOR LINE 1', 'PCS', 4, 946236, 'Y'),
('GIP217', 'DIES TICAGRELOR LINE 1', 'PCS', 4, 946236, 'Y'),
('GIP218', 'Botol Alkohol', 'Botol', 4, 10000, 'Y'),
('GIP219', 'DIES SPASMINAL TRIETMENT KHUSUS LINE 3', 'PCS', 4, 946236, 'Y'),
('GIP220', 'PUNCHES ATAS METFORMIN BB LINE 7', 'PCS', 9, 946236, 'Y'),
('GIP221', 'PUNCHES BAWAH METFORMIN BB LINE 7', 'PCS', 9, 946236, 'Y'),
('GIP222', 'DIES METFORMIN BB LINE 7', 'PCS', 9, 946236, 'Y'),
('GIP223', 'Buku Logbook WIP', 'Pcs', 1, 29000, 'Y'),
('GIP224', 'Punches Atas Aciclovir 400 Beta Th 2016', 'PCS', 39, 946236, 'Y'),
('GIP225', 'Punches Bawah Aciclovir 400 Beta Th 2016', 'pcs', 20, 946236, 'Y'),
('GIP226', 'Dies Aciclovir 400 Beta Th 2016', 'pcs', 19, 946236, 'Y'),
('GIP227', 'Punches Atas Aciclovir 400mg Beta Th 2013', 'pcs', 33, 946236, 'Y'),
('GIP228', 'Punches Bawah Aciclovir 400mg Beta Th 2013', 'pcs', 32, 946236, 'Y'),
('GIP229', 'Dies Aciclovir 400mg Beta Th 2013', 'pcs', 29, 946236, 'Y'),
('GIP230', 'Punches Bawah Aciclovir 400 Th 2021', 'pcs', 19, 946236, 'Y'),
('GIP231', 'Dies Aciclovir 400 Th 2021', 'pcs', 2, 946236, 'Y'),
('GIP232', 'PUNCHES ATAS CIPROFLOXACIN DB', 'PCS', 6, 946236, 'Y'),
('GIP233', 'PUNCHES BAWAH CIPROFLOXACIN DB', 'PCS', 6, 946236, 'Y'),
('GIP234', 'DIES SPASMINAL DB', 'PCS', 0, 946236, 'Y'),
('GIP235', 'Baju SPV Kelas F UK. XL', 'Set', 2, 192000, 'Y'),
('GIP236', 'PUNCHES ATAS AMLODIPINE BB', 'PCS', 51, 94236, 'Y'),
('GIP237', 'PUNCHES BAWAH AMLODIPINE BB', 'PCS', 51, 946236, 'Y'),
('GIP238', 'PUNCHES ATAS EMINETON DELTA LINE 2', 'PCS', 2, 946236, 'Y'),
('GIP239', 'PUNCHES BAWAH EMINETON DELTA LINE 2', 'PCS', 2, 946236, 'Y'),
('GIP240', 'DIES EMINETON DELTA LINE 2', 'PCS', 2, 946236, 'Y'),
('GIP241', 'Sikat Lubang Punches Beta', 'pcs', 10, 200000, 'Y'),
('GIP242', 'Sikat Lubang Punches Delta', 'pcs', 10, 200000, 'Y');

-- --------------------------------------------------------

--
-- Struktur dari tabel `tbl_detail_pembelian`
--

CREATE TABLE `tbl_detail_pembelian` (
  `id_pembelian` varchar(20) NOT NULL,
  `id_barang` varchar(6) NOT NULL,
  `qty` smallint(6) NOT NULL,
  `harga` double NOT NULL
) ENGINE=InnoDB DEFAULT CHARSET=utf8mb4;

--
-- Dumping data untuk tabel `tbl_detail_pembelian`
--

INSERT INTO `tbl_detail_pembelian` (`id_pembelian`, `id_barang`, `qty`, `harga`) VALUES
('ID1635942615', 'GIP034', 375, 25000),
('ID1635942615', 'GIP036', 800, 25000),
('ID1636018125', 'GIP027', 46, 25000),
('ID1636018125', 'GIP025', 109, 25000),
('ID1636018125', 'GIP046', 4, 300000),
('ID1636018125', 'GIP003', 6, 300000),
('ID1636093264', 'GIP029', 125, 225000),
('ID1636093264', 'GIP017', 4, 380000),
('ID1636093264', 'GIP042', 10, 100000),
('ID1636444005', 'GIP065', 50, 1000),
('ID1636444490', 'GIP065', 31, 1000),
('ID1636505650', 'GIP056', 54, 15000),
('ID1636696231', 'GIP021', 70, 3000),
('ID1636696231', 'GIP030', 150, 25000),
('ID1636941979', 'GIP010', 20, 1000),
('ID1636950699', 'GIP032', 106, 1000),
('ID1637114054', 'GIP066', 5, 10000),
('ID1637126826', 'GIP017', 2, 380000),
('ID1637211638', 'GIP030', 150, 5000),
('ID1637211638', 'GIP019', 300, 15000),
('ID1637211638', 'GIP020', 300, 15000),
('ID1637211711', 'GIP031', 5, 25000),
('ID1637211711', 'GIP046', 2, 500000),
('ID1637211711', 'GIP047', 8, 500000),
('ID1637211711', 'GIP048', 8, 500000),
('ID1637211711', 'GIP049', 8, 500000),
('ID1637306089', 'GIP010', 35, 33000),
('ID1637306089', 'GIP017', 10, 380000),
('ID1637306089', 'GIP029', 135, 225000),
('ID1637306089', 'GIP042', 10, 900000),
('ID1637306089', 'GIP043', 10, 999999),
('ID1637212007', 'GIP028', 100, 20000),
('ID1637544898', 'GIP056', 6, 1000),
('ID1637544898', 'GIP019', 29, 1000),
('ID1637633837', 'GIP068', 50, 50000),
('ID1637801398', 'GIP065', 50, 1000),
('ID1637888566', 'GIP034', 100, 25000),
('ID1638146627', 'GIP056', 128, 1000),
('ID1638146627', 'GIP034', 125, 1000),
('ID1638146627', 'GIP065', 33, 1000),
('ID1638240387', 'GIP034', 500, 27500),
('ID1638240387', 'GIP021', 52, 35000),
('ID1638240387', 'GIP010', 30, 27000),
('ID1638257247', 'GIP065', 50, 25000),
('ID1638353782', 'GIP028', 100, 20000),
('ID1638430187', 'GIP003', 5, 380000),
('ID1638430187', 'GIP028', 100, 27000),
('ID1638679786', 'GIP021', 98, 33000),
('ID1638679786', 'GIP042', 10, 999000),
('ID1638679786', 'GIP043', 10, 925000),
('ID1638768588', 'GIP009', 10, 33000),
('ID1638861712', 'GIP066', 20, 20000),
('ID1638861712', 'GIP065', 50, 75000),
('ID1638938784', 'GIP046', 4, 350000),
('ID1638938817', 'GIP045', 3, 350000),
('ID1638957237', 'GIP028', 100, 27000),
('ID1639107761', 'GIP042', 2, 1000),
('ID1639359370', 'GIP017', 11, 1000),
('ID1639447994', 'GIP034', 150, 29000),
('ID1639454447', 'GIP032', 128, 33000),
('ID1639465794', 'GIP065', 50, 1000),
('ID1639639985', 'GIP042', 20, 999999),
('ID1639639985', 'GIP043', 10, 975000),
('ID1639639985', 'GIP029', 125, 975000),
('ID1639643307', 'GIP036', 600, 29000),
('ID1639997874', 'GIP003', 6, 385000),
('ID1639997874', 'GIP021', 150, 33000),
('ID1639997874', 'GIP028', 100, 22000),
('ID1639997874', 'GIP056', 80, 585000),
('ID1639997874', 'GIP037', 30, 54000),
('ID1640307658', 'GIP065', 36, 1000),
('ID1640307902', 'GIP034', 425, 1000),
('ID1640758711', 'GIP065', 46, 1000),
('ID1640758711', 'GIP017', 10, 1000),
('ID1640759827', 'GIP034', 480, 1000),
('ID1640759827', 'GIP028', 200, 1000),
('ID1640855699', 'GIP029', 6, 1000),
('ID1640855699', 'GIP042', 12, 1000),
('ID1640855699', 'GIP043', 10, 1000),
('ID1640855699', 'GIP019', 20, 1000),
('ID1640855699', 'GIP030', 13, 1000),
('ID1640855699', 'GIP032', 4, 1000),
('ID1640918079', 'GIP031', 10, 25000),
('ID1641263827', 'GIP026', 4, 1000),
('ID1641264046', 'GIP027', 9, 1000),
('ID1641339189', 'GIP065', 50, 50000),
('ID1641357963', 'GIP056', 80, 95000),
('ID1641459132', 'GIP067', 600, 40000),
('ID1641777761', 'GIP035', 100, 15000),
('ID1641789540', 'GIP003', 10, 535000),
('ID1641946259', 'GIP065', 50, 50000),
('ID1642042982', 'GIP035', 200, 28000),
('ID1642042982', 'GIP046', 8, 350000),
('ID1642042982', 'GIP064', 5, 350000),
('ID1642042982', 'GIP042', 10, 999999),
('ID1642042982', 'GIP043', 10, 925000),
('ID1642042982', 'GIP017', 11, 535000),
('ID1642534001', 'GIP028', 200, 27000),
('ID1642534001', 'GIP036', 600, 28000),
('ID1642534001', 'GIP041', 2, 55000),
('ID1642534001', 'GIP066', 40, 15000),
('ID1642640047', 'GIP065', 35, 55000),
('ID1642728116', 'GIP056', 122, 1000),
('ID1643082091', 'GIP034', 125, 1000),
('ID1643154282', 'GIP065', 50, 45000),
('ID1643184072', 'GIP034', 1100, 27000),
('ID1643270926', 'GIP022', 61, 19000),
('ID1643270926', 'GIP026', 10, 21000),
('ID1643776928', 'GIP056', 80, 80000),
('ID1643846795', 'GIP065', 50, 45000),
('ID1643846795', 'GIP028', 460, 10000),
('ID1643846795', 'GIP036', 575, 35000),
('ID1643863957', 'GIP026', 10, 10000),
('ID1644363440', 'GIP065', 50, 45000),
('ID1644363440', 'GIP014', 10, 15000),
('ID1644911349', 'GIP065', 46, 45000),
('ID1644994878', 'GIP028', 300, 1000),
('ID1644994878', 'GIP042', 20, 1000),
('ID1644994878', 'GIP043', 15, 1000),
('ID1645506846', 'GIP031', 10, 25000),
('ID1645506846', 'GIP045', 1, 350000),
('ID1645506846', 'GIP046', 5, 295000),
('ID1645506846', 'GIP047', 2, 295000),
('ID1645506846', 'GIP048', 2, 295000),
('ID1645506846', 'GIP049', 2, 295000),
('ID1645506846', 'GIP044', 2, 350000),
('ID1645513009', 'GIP065', 50, 45000),
('ID1645659795', 'GIP003', 5, 65000),
('ID1645754886', 'GIP029', 124, 45000),
('ID1646180622', 'GIP068', 100, 50000),
('ID1646355670', 'GIP065', 50, 45000),
('ID1646374310', 'GIP034', 125, 10000),
('ID1646639231', 'GIP056', 72, 8000),
('ID1646725820', 'GIP034', 400, 9000),
('ID1646725998', 'GIP065', 50, 45000),
('ID1646961546', 'GIP028', 160, 20000),
('ID1647318520', 'GIP020', 150, 6500),
('ID1647318520', 'GIP019', 150, 6500),
('ID1647318520', 'GIP034', 400, 20000),
('ID1647391340', 'GIP065', 50, 95000),
('ID1647494424', 'GIP030', 150, 6000),
('ID1647923654', 'GIP017', 5, 1000),
('ID1647923773', 'GIP029', 9, 1000),
('ID1647923813', 'GIP029', 50, 1000),
('ID1647924986', 'GIP053', 23, 120000),
('ID1647925059', 'GIP070', 13, 64800),
('ID1647925089', 'GIP071', 20, 130800),
('ID1647925189', 'GIP070', 13, 64800),
('ID1647925205', 'GIP071', 20, 130800),
('ID1647925263', 'GIP071', 5, 130800),
('ID1647933969', 'GIP065', 50, 1000),
('ID1647954348', 'GIP038', 30, 8000),
('ID1648537870', 'GIP021', 120, 7000),
('ID1648537900', 'GIP065', 50, 45000),
('ID1648539726', 'GIP068', 60, 30000),
('ID1649147559', 'GIP019', 50, 25000),
('ID1649147559', 'GIP048', 50, 45000),
('ID1649319105', 'GIP020', 100, 25000),
('ID1649400798', 'GIP022', 4, 1000),
('ID1649739383', 'GIP055', 3, 946236),
('ID1649739383', 'GIP057', 3, 946236),
('ID1649739383', 'GIP058', 3, 946236),
('ID1649893270', 'GIP048', 50, 49000),
('ID1650246174', 'GIP019', 70, 20000),
('ID1650248945', 'GIP019', 30, 20000),
('ID1650339466', 'GIP011', 100, 2750),
('ID1650354262', 'GIP048', 50, 45000),
('ID1650612312', 'GIP012', 120, 1000),
('ID1650872633', 'GIP019', 320, 1000),
('ID1650872633', 'GIP026', 625, 1000),
('ID1650872633', 'GIP024', 750, 27000),
('ID1650872633', 'GIP003', 8, 1000),
('ID1651074747', 'GIP043', 70, 23500),
('ID1651137323', 'GIP158', 2, 935000),
('ID1651137323', 'GIP159', 2, 935000),
('ID1651138263', 'GIP160', 2, 935000),
('ID1652082084', 'GIP169', 2, 946236),
('ID1652082084', 'GIP167', 2, 946236),
('ID1652082084', 'GIP168', 2, 946236),
('ID1652082084', 'GIP113', 8, 946236),
('ID1652082084', 'GIP162', 8, 946236),
('ID1652082084', 'GIP163', 8, 946236),
('ID1652082084', 'GIP158', 2, 946236),
('ID1652082084', 'GIP159', 2, 946236),
('ID1652082084', 'GIP160', 2, 946236),
('ID1652082413', 'GIP164', 4, 946236),
('ID1652082413', 'GIP165', 4, 946236),
('ID1652082413', 'GIP166', 4, 946236),
('ID1652082699', 'GIP170', 4, 946236),
('ID1652082699', 'GIP172', 4, 946236),
('ID1652082821', 'GIP173', 4, 946236),
('ID1652145580', 'GIP055', 3, 946236),
('ID1652145580', 'GIP057', 3, 946236),
('ID1652145580', 'GIP058', 3, 946236),
('ID1652145580', 'GIP059', 4, 946236),
('ID1652145580', 'GIP060', 4, 946236),
('ID1652145580', 'GIP061', 4, 946236),
('ID1652145580', 'GIP062', 4, 946236),
('ID1652147074', 'GIP064', 4, 946236),
('ID1652147074', 'GIP063', 4, 946236),
('ID1652147074', 'GIP065', 2, 946236),
('ID1652147074', 'GIP066', 3, 946236),
('ID1652147074', 'GIP068', 27, 946236),
('ID1652147074', 'GIP069', 31, 946236),
('ID1652147074', 'GIP070', 31, 946236),
('ID1652147074', 'GIP071', 31, 946236),
('ID1652147074', 'GIP072', 31, 946236),
('ID1652147074', 'GIP074', 8, 946236),
('ID1652147074', 'GIP075', 8, 946236),
('ID1652147074', 'GIP076', 8, 946236),
('ID1652147478', 'GIP174', 40, 946236),
('ID1652147478', 'GIP077', 1, 946236),
('ID1652147478', 'GIP099', 1, 946236),
('ID1652147478', 'GIP100', 1, 946236),
('ID1652147478', 'GIP080', 1, 946236),
('ID1652147478', 'GIP081', 1, 946236),
('ID1652163632', 'GIP161', 8, 946236),
('ID1652163632', 'GIP170', 4, 946236),
('ID1652164616', 'GIP083', 1, 946236),
('ID1652166927', 'GIP086', 1, 946236),
('ID1652166927', 'GIP087', 1, 946236),
('ID1652166927', 'GIP077', 1, 946236),
('ID1652166927', 'GIP078', 1, 946236),
('ID1652166927', 'GIP079', 1, 946236),
('ID1652166927', 'GIP101', 5, 946236),
('ID1652166927', 'GIP102', 6, 946236),
('ID1652166927', 'GIP103', 5, 946236),
('ID1652166927', 'GIP104', 4, 946236),
('ID1652166927', 'GIP105', 4, 946236),
('ID1652166927', 'GIP065', 6, 946236),
('ID1652166927', 'GIP066', 6, 946236),
('ID1652166927', 'GIP067', 6, 946236),
('ID1652166927', 'GIP110', 4, 946236),
('ID1652166927', 'GIP111', 4, 946236),
('ID1652166927', 'GIP112', 4, 946236),
('ID1652168758', 'GIP113', 9, 946236),
('ID1652168758', 'GIP114', 7, 946236),
('ID1652168758', 'GIP115', 2, 946236),
('ID1652175842', 'GIP020', 100, 45000),
('ID1652175842', 'GIP048', 50, 45000),
('ID1652317307', 'GIP170', 1, 946236),
('ID1652317307', 'GIP173', 1, 946236),
('ID1652317307', 'GIP172', 1, 946236),
('ID1652324201', 'GIP175', 13, 946236),
('ID1652324201', 'GIP176', 11, 946236),
('ID1652324201', 'GIP177', 10, 946236),
('ID1652325265', 'GIP178', 33, 946236),
('ID1652325265', 'GIP179', 32, 946236),
('ID1652325265', 'GIP180', 29, 946236),
('ID1652326481', 'GIP178', 33, 946236),
('ID1652326481', 'GIP179', 32, 946236),
('ID1652326481', 'GIP180', 12, 946236),
('ID1652326481', 'GIP120', 80, 946236),
('ID1652326481', 'GIP121', 5, 946236),
('ID1652326481', 'GIP122', 5, 946236),
('ID1652326481', 'GIP123', 5, 946236),
('ID1652326481', 'GIP124', 5, 946236),
('ID1652327031', 'GIP125', 5, 946236),
('ID1652327031', 'GIP126', 5, 946236),
('ID1652327031', 'GIP127', 5, 946236),
('ID1652336644', 'GIP131', 42, 946236),
('ID1652336644', 'GIP132', 36, 946236),
('ID1652336644', 'GIP135', 9, 946236),
('ID1652336644', 'GIP137', 1, 946236),
('ID1652336644', 'GIP138', 4, 946236),
('ID1652336927', 'GIP140', 42, 946236),
('ID1652336927', 'GIP141', 42, 946236),
('ID1652336927', 'GIP142', 10, 946236),
('ID1652748960', 'GIP043', 80, 64125),
('ID1652776652', 'GIP048', 50, 45000),
('ID1652792172', 'GIP181', 5, 946236),
('ID1652952798', 'GIP008', 10, 250000),
('ID1652952798', 'GIP032', 5, 1000),
('ID1652952798', 'GIP003', 8, 150000),
('ID1652952798', 'GIP033', 15, 1000),
('ID1652952798', 'GIP027', 6, 1000),
('ID1653377588', 'GIP048', 50, 90000),
('ID1653377620', 'GIP019', 100, 1000),
('ID1653378089', 'GIP022', 15, 1000),
('ID1653378406', 'GIP182', 20, 1000),
('ID1653442567', 'GIP183', 4, 946236),
('ID1653442625', 'GIP184', 4, 946236),
('ID1653442625', 'GIP185', 4, 946236),
('ID1653610096', 'GIP011', 100, 1000),
('ID1653873880', 'GIP043', 8, 17000),
('ID1653956490', 'GIP020', 20, 950000),
('ID1653969146', 'GIP018', 16, 1000),
('ID1653969146', 'GIP016', 25, 1000),
('ID1653969146', 'GIP015', 16, 1000),
('ID1653969146', 'GIP014', 16, 1000),
('ID1653969146', 'GIP013', 37, 1000),
('ID1653972218', 'GIP043', 128, 1000),
('ID1653982560', 'GIP006', 29, 1000),
('ID1653982597', 'GIP048', 50, 90000),
('ID1653983891', 'GIP186', 7, 1000),
('ID1653983891', 'GIP187', 4, 1000),
('ID1653984209', 'GIP191', 7, 1000),
('ID1653984209', 'GIP188', 2, 1000),
('ID1653984209', 'GIP189', 4, 1000),
('ID1653984209', 'GIP190', 6, 1000),
('ID1654129872', 'GIP013', 3, 10000),
('ID1654154788', 'GIP007', 10, 1000),
('ID1654155010', 'GIP011', 130, 1000),
('ID1654155294', 'GIP020', 3, 1000),
('ID1654155366', 'GIP019', 5, 1000),
('ID1654155955', 'GIP001', 2, 18750),
('ID1654155955', 'GIP015', 3, 1000),
('ID1654155955', 'GIP018', 3, 1000),
('ID1654155955', 'GIP024', 5, 27000),
('ID1654156407', 'GIP042', 10, 1000),
('ID1654156407', 'GIP049', 20, 10000),
('ID1654156407', 'GIP053', 29, 64800),
('ID1654156407', 'GIP054', 5, 130800),
('ID1654156407', 'GIP024', 20, 27000),
('ID1654237231', 'GIP024', 450, 27000),
('ID1654237231', 'GIP026', 400, 1000),
('ID1654239357', 'GIP194', 15, 45000),
('ID1654239357', 'GIP195', 29, 45000),
('ID1654239357', 'GIP196', 21, 45000),
('ID1654239357', 'GIP197', 37, 45000),
('ID1654239357', 'GIP198', 1, 45000),
('ID1654239357', 'GIP199', 4, 45000),
('ID1654239357', 'GIP200', 37, 45000),
('ID1654239357', 'GIP201', 14, 45000),
('ID1654239357', 'GIP202', 9, 45000),
('ID1654239357', 'GIP203', 10, 45000),
('ID1654239658', 'GIP204', 1, 45000),
('ID1654239658', 'GIP205', 10, 45000),
('ID1654239658', 'GIP206', 5, 45000),
('ID1654239658', 'GIP207', 18, 45000),
('ID1654239658', 'GIP209', 32, 45000),
('ID1654239658', 'GIP208', 32, 45000),
('ID1654239658', 'GIP210', 59, 45000),
('ID1654239658', 'GIP212', 2, 45000),
('ID1654239658', 'GIP213', 4, 45000),
('ID1654239658', 'GIP214', 3, 45000),
('ID1654240092', 'GIP053', 7, 64800),
('ID1654240092', 'GIP052', 3, 250000),
('ID1654240092', 'GIP193', 132, 1000),
('ID1654491160', 'GIP215', 4, 946236),
('ID1654491160', 'GIP216', 4, 946236),
('ID1654491160', 'GIP217', 4, 946236),
('ID1654645016', 'GIP048', 50, 90000),
('ID1654645158', 'GIP017', 4, 1000),
('ID1654645504', 'GIP016', 6, 1000),
('ID1654735561', 'GIP019', 100, 1000),
('ID1654751332', 'GIP032', 27, 1000),
('ID1654751332', 'GIP020', 120, 1000),
('ID1654831012', 'GIP187', 1, 1000),
('ID1654831012', 'GIP191', 1, 1000),
('ID1655190843', 'GIP048', 50, 90000),
('ID1655252623', 'GIP189', 1, 1000),
('ID1655257047', 'GIP018', 1, 1000),
('ID1655283045', 'GIP052', 2, 250000),
('ID1655283045', 'GIP053', 3, 64800),
('ID1655283045', 'GIP054', 2, 130800),
('ID1655336361', 'GIP186', 1, 1000),
('ID1655352205', 'GIP031', 10, 1000),
('ID1655355159', 'GIP013', 50, 1000),
('ID1655355159', 'GIP014', 31, 1000),
('ID1655355159', 'GIP016', 40, 1000),
('ID1655355159', 'GIP015', 31, 1000),
('ID1655355159', 'GIP018', 31, 1000),
('ID1655355159', 'GIP017', 20, 1000),
('ID1655452481', 'GIP031', 10, 1000),
('ID1655452481', 'GIP020', 120, 1000),
('ID1655452481', 'GIP008', 25, 1000),
('ID1655698402', 'GIP019', 100, 1000),
('ID1655698402', 'GIP043', 128, 1000),
('ID1655779691', 'GIP218', 8, 10000),
('ID1655798813', 'GIP048', 50, 90000),
('ID1655856382', 'GIP035', 2, 1000),
('ID1635941926', 'GIP028', 100, 17000),
('ID1635941926', 'GIP022', 166, 25000),
('ID1635941926', 'GIP023', 46, 25000),
('ID1635941926', 'GIP024', 46, 25000),
('ID1655873715', 'GIP024', 425, 1000),
('ID1655873715', 'GIP026', 400, 1000),
('ID1655975310', 'GIP035', 4, 1000),
('ID1655975310', 'GIP036', 2, 1000),
('ID1655975310', 'GIP037', 1, 1000),
('ID1655975310', 'GIP038', 2, 1000),
('ID1655975310', 'GIP039', 1, 1000),
('ID1655975310', 'GIP041', 3, 1000),
('ID1655975310', 'GIP047', 1, 1000),
('ID1655976949', 'GIP021', 200, 1000),
('ID1656296718', 'GIP048', 2, 90000),
('ID1656373086', 'GIP219', 4, 946236),
('ID1656373512', 'GIP220', 9, 946236),
('ID1656373512', 'GIP221', 9, 946236),
('ID1656373512', 'GIP222', 9, 946236),
('ID1656373587', 'GIP223', 3, 1000),
('ID1656388018', 'GIP190', 1, 1000),
('ID1656400124', 'GIP048', 50, 90000),
('ID1656403248', 'GIP019', 100, 1000),
('ID1656488343', 'GIP011', 100, 1000),
('ID1656488343', 'GIP012', 40, 1000),
('ID1657006472', 'GIP048', 50, 90000),
('ID1657160414', 'GIP092', 22, 946236),
('ID1657160414', 'GIP093', 22, 946236),
('ID1657160414', 'GIP085', 22, 946236),
('ID1657165683', 'GIP019', 100, 1000),
('ID1657167936', 'GIP089', 1, 946236),
('ID1657167936', 'GIP090', 1, 946236),
('ID1657167936', 'GIP091', 1, 946236),
('ID1657168152', 'GIP082', 1, 946236),
('ID1657168450', 'GIP100', 1, 946236),
('ID1657168520', 'GIP106', 1, 946236),
('ID1657168859', 'GIP107', 2, 946236),
('ID1657168859', 'GIP108', 3, 946236),
('ID1657169029', 'GIP116', 1, 946236),
('ID1657170293', 'GIP224', 39, 946236),
('ID1657170293', 'GIP225', 20, 946236),
('ID1657170293', 'GIP226', 19, 946236),
('ID1657170444', 'GIP119', 5, 946236),
('ID1657170444', 'GIP120', 5, 946236),
('ID1657170444', 'GIP121', 5, 946236),
('ID1657170691', 'GIP227', 33, 946236),
('ID1657170691', 'GIP228', 32, 946236),
('ID1657170691', 'GIP229', 29, 946236),
('ID1657170880', 'GIP230', 19, 946236),
('ID1657170880', 'GIP231', 2, 946236),
('ID1657173919', 'GIP128', 3, 946236),
('ID1657173919', 'GIP129', 4, 946236),
('ID1657173919', 'GIP130', 5, 946236),
('ID1657174013', 'GIP135', 9, 946236),
('ID1657174454', 'GIP143', 2, 946236),
('ID1657174621', 'GIP146', 5, 946236),
('ID1657174621', 'GIP147', 8, 946236),
('ID1657174621', 'GIP148', 6, 946236),
('ID1657175193', 'GIP152', 3, 946236),
('ID1657175193', 'GIP153', 2, 946236),
('ID1657175193', 'GIP154', 42, 946236),
('ID1657175745', 'GIP155', 8, 946236),
('ID1657175745', 'GIP156', 7, 946236),
('ID1657175745', 'GIP157', 11, 946236),
('ID1657507485', 'GIP048', 10, 90000),
('ID1657517227', 'GIP014', 2, 1000),
('ID1657517227', 'GIP015', 1, 1000),
('ID1657517227', 'GIP013', 3, 1000),
('ID1657517227', 'GIP012', 60, 1000),
('ID1657517227', 'GIP016', 4, 1000),
('ID1657525823', 'GIP024', 100, 1000),
('ID1657583034', 'GIP190', 1, 1000),
('ID1657601632', 'GIP026', 375, 1000),
('ID1657608146', 'GIP043', 128, 1000),
('ID1657608146', 'GIP048', 50, 90000),
('ID1657689286', 'GIP022', 15, 1000),
('ID1658113334', 'GIP024', 100, 1000),
('ID1658135849', 'GIP048', 10, 90000),
('ID1658135849', 'GIP016', 6, 1000),
('ID1658135849', 'GIP018', 6, 1000),
('ID1658221415', 'GIP048', 60, 90000),
('ID1658221415', 'GIP013', 50, 1000),
('ID1658221415', 'GIP014', 31, 1000),
('ID1658221415', 'GIP016', 34, 1000),
('ID1658221415', 'GIP015', 30, 1000),
('ID1658221415', 'GIP018', 25, 1000),
('ID1658221415', 'GIP223', 5, 1000),
('ID1658221415', 'GIP024', 575, 1000),
('ID1658363722', 'GIP019', 100, 1000),
('ID1658367470', 'GIP053', 1, 1000),
('ID1658367470', 'GIP197', 2, 1000),
('ID1658826484', 'GIP048', 70, 90000),
('ID1658826484', 'GIP019', 100, 1000),
('ID1658878887', 'GIP003', 8, 1000),
('ID1658878887', 'GIP026', 600, 1000),
('ID1658878887', 'GIP019', 100, 1000),
('ID1658878887', 'GIP035', 2, 1000),
('ID1658878887', 'GIP036', 2, 1000),
('ID1658878887', 'GIP038', 2, 1000),
('ID1658878887', 'GIP039', 1, 1000),
('ID1658878887', 'GIP047', 3, 1000),
('ID1658878887', 'GIP011', 100, 1000),
('ID1658983225', 'GIP012', 100, 1000),
('ID1659424486', 'GIP048', 70, 90000),
('ID1659502362', 'GIP043', 128, 1000),
('ID1659504436', 'GIP232', 6, 946236),
('ID1659504436', 'GIP233', 6, 946236),
('ID1659504436', 'GIP181', 6, 946236),
('ID1660002065', 'GIP052', 1, 1000),
('ID1660002065', 'GIP193', 2, 1000),
('ID1660002065', 'GIP053', 1, 1000),
('ID1660002065', 'GIP054', 2, 1000),
('ID1660002065', 'GIP195', 1, 1000),
('ID1660002065', 'GIP196', 1, 1000),
('ID1660088139', 'GIP189', 1, 1000),
('ID1660088139', 'GIP235', 2, 1000),
('ID1660091961', 'GIP032', 12, 1000),
('ID1660098193', 'GIP036', 5, 1000),
('ID1660098193', 'GIP020', 18, 1000),
('ID1660098193', 'GIP024', 400, 1000),
('ID1660098193', 'GIP019', 100, 1000),
('ID1660100296', 'GIP236', 51, 946236),
('ID1660100296', 'GIP237', 51, 946236),
('ID1660100811', 'GIP034', 1, 1000),
('ID1660180120', 'GIP048', 50, 1000),
('ID1660613827', 'GIP020', 102, 1000),
('ID1660613827', 'GIP052', 22, 1000),
('ID1660613827', 'GIP019', 100, 1000),
('ID1660613827', 'GIP047', 5, 1000),
('ID1660613827', 'GIP034', 3, 1000),
('ID1660613827', 'GIP035', 4, 1000),
('ID1660613827', 'GIP038', 1, 1000),
('ID1660613827', 'GIP037', 3, 1000),
('ID1660613827', 'GIP039', 2, 1000),
('ID1660613827', 'GIP054', 1, 1000),
('ID1660613827', 'GIP053', 2, 1000),
('ID1660811184', 'GIP048', 50, 1000),
('ID1660895789', 'GIP012', 100, 1000),
('ID1661221310', 'GIP182', 20, 1000),
('ID1661221310', 'GIP012', 100, 1000),
('ID1661221310', 'GIP011', 100, 1000),
('ID1661221310', 'GIP024', 400, 1000),
('ID1661221310', 'GIP016', 4, 1000),
('ID1661386436', 'GIP048', 50, 90000),
('ID1661386436', 'GIP016', 2, 1000),
('ID1661386436', 'GIP053', 2, 1000),
('ID1661475473', 'GIP016', 1, 1000),
('ID1661730369', 'GIP006', 4, 1000),
('ID1661834815', 'GIP238', 2, 946236),
('ID1661834815', 'GIP239', 2, 946236),
('ID1661834815', 'GIP240', 2, 946236),
('ID1661843755', 'GIP048', 50, 90000),
('ID1661847944', 'GIP018', 9, 1000),
('ID1661847944', 'GIP013', 42, 1000),
('ID1661847944', 'GIP016', 34, 1000),
('ID1661916839', 'GIP008', 5, 1000),
('ID1661916839', 'GIP021', 4, 1000),
('ID1661916839', 'GIP023', 1, 1000),
('ID1661916839', 'GIP025', 50, 1000),
('ID1661916839', 'GIP026', 575, 1000),
('ID1661916839', 'GIP027', 1, 1000),
('ID1661916839', 'GIP033', 5, 1000),
('ID1661916839', 'GIP034', 1, 1000),
('ID1661916839', 'GIP043', 117, 1000),
('ID1661916839', 'GIP048', 11, 1000),
('ID1661916839', 'GIP052', 16, 1000),
('ID1661916839', 'GIP053', 1, 1000),
('ID1661916839', 'GIP054', 1, 1000),
('ID1662006153', 'GIP021', 120, 1000),
('ID1662006153', 'GIP020', 100, 1000),
('ID1662006153', 'GIP032', 12, 1000),
('ID1662006153', 'GIP033', 10, 1000),
('ID1662537784', 'GIP241', 10, 1000),
('ID1662537784', 'GIP242', 10, 1000),
('ID1662542384', 'GIP048', 50, 1000),
('ID1662622703', 'GIP022', 15, 1000),
('ID1662622703', 'GIP034', 1, 1000),
('ID1662622703', 'GIP035', 1, 1000),
('ID1662622703', 'GIP036', 4, 1000),
('ID1662622703', 'GIP037', 2, 1000),
('ID1662622703', 'GIP038', 2, 1000),
('ID1662622703', 'GIP039', 2, 1000),
('ID1662949874', 'GIP019', 100, 1000),
('ID1662949874', 'GIP006', 31, 1000),
('ID1663045436', 'GIP012', 100, 1000),
('ID1663045436', 'GIP023', 150, 1000),
('ID1663045436', 'GIP048', 50, 90000),
('ID1663288520', 'GIP024', 400, 1000);

--
-- Trigger `tbl_detail_pembelian`
--
DELIMITER $$
CREATE TRIGGER `pembelian_barang` AFTER INSERT ON `tbl_detail_pembelian` FOR EACH ROW BEGIN
	UPDATE tbl_barang b SET b.stok = b.stok + new.qty
    WHERE b.kode_barang = new.id_barang;
END
$$
DELIMITER ;
DELIMITER $$
CREATE TRIGGER `update_pembelian` AFTER DELETE ON `tbl_detail_pembelian` FOR EACH ROW BEGIN
	UPDATE tbl_barang b SET b.stok = b.stok - old.qty
    WHERE b.kode_barang = old.id_barang;
END
$$
DELIMITER ;

-- --------------------------------------------------------

--
-- Struktur dari tabel `tbl_detail_penjualan`
--

CREATE TABLE `tbl_detail_penjualan` (
  `id_penjualan` varchar(20) NOT NULL,
  `id_barang` varchar(6) NOT NULL,
  `qty` smallint(6) NOT NULL,
  `harga` double NOT NULL
) ENGINE=InnoDB DEFAULT CHARSET=utf8mb4;

--
-- Dumping data untuk tabel `tbl_detail_penjualan`
--

INSERT INTO `tbl_detail_penjualan` (`id_penjualan`, `id_barang`, `qty`, `harga`) VALUES
('ID1635819908', 'GIP056', 3, 1000),
('ID1635819908', 'GIP034', 25, 1000),
('ID1635819908', 'GIP001', 3, 1000),
('ID1635819908', 'GIP030', 6, 1000),
('ID1635841377', 'GIP010', 1, 1000),
('ID1635901764', 'GIP030', 6, 1000),
('ID1635901764', 'GIP001', 3, 1000),
('ID1635901764', 'GIP037', 1, 1000),
('ID1635901764', 'GIP056', 3, 1000),
('ID1635921483', 'GIP003', 1, 1000),
('ID1635986964', 'GIP034', 25, 1000),
('ID1635986964', 'GIP056', 5, 1000),
('ID1635986964', 'GIP030', 5, 1000),
('ID1635986964', 'GIP020', 10, 1000),
('ID1635986964', 'GIP019', 10, 1000),
('ID1635986964', 'GIP028', 10, 1000),
('ID1635986964', 'GIP036', 25, 1000),
('ID1636072058', 'GIP020', 6, 1000),
('ID1636072058', 'GIP030', 6, 1000),
('ID1636072058', 'GIP034', 25, 1000),
('ID1636072058', 'GIP036', 25, 1000),
('ID1636072058', 'GIP056', 3, 1000),
('ID1636072058', 'GIP028', 10, 1000),
('ID1636072058', 'GIP003', 1, 1000),
('ID1636091987', 'GIP046', 1, 1000),
('ID1636244064', 'GIP029', 2, 1000),
('ID1636244064', 'GIP032', 5, 1000),
('ID1636244064', 'GIP027', 2, 1000),
('ID1636244178', 'GIP034', 1, 1000),
('ID1636244178', 'GIP017', 1, 1000),
('ID1636334811', 'GIP028', 10, 1000),
('ID1636334811', 'GIP034', 25, 1000),
('ID1636334811', 'GIP036', 25, 1000),
('ID1636334811', 'GIP030', 6, 1000),
('ID1636336463', 'GIP028', 10, 1000),
('ID1636336463', 'GIP030', 15, 1000),
('ID1636336463', 'GIP029', 10, 1000),
('ID1636336463', 'GIP036', 50, 1000),
('ID1636336463', 'GIP034', 25, 1000),
('ID1636340041', 'GIP036', 25, 1000),
('ID1636339529', 'GIP032', 5, 1000),
('ID1636339529', 'GIP029', 15, 1000),
('ID1636339529', 'GIP043', 3, 1000),
('ID1636339529', 'GIP021', 10, 1000),
('ID1636339529', 'GIP042', 4, 1000),
('ID1636340209', 'GIP034', 25, 1000),
('ID1636343079', 'GIP010', 5, 1000),
('ID1636416392', 'GIP034', 25, 1000),
('ID1636416392', 'GIP036', 25, 1000),
('ID1636416392', 'GIP001', 2, 1000),
('ID1636416392', 'GIP019', 5, 1000),
('ID1636416392', 'GIP030', 6, 1000),
('ID1636421389', 'GIP046', 1, 1000),
('ID1636421389', 'GIP040', 1, 1000),
('ID1636505493', 'GIP028', 10, 1000),
('ID1636505493', 'GIP030', 5, 1000),
('ID1636505493', 'GIP034', 25, 1000),
('ID1636505493', 'GIP065', 5, 1000),
('ID1636505493', 'GIP056', 5, 1000),
('ID1636524592', 'GIP003', 1, 1000),
('ID1636524592', 'GIP017', 1, 1000),
('ID1636524592', 'GIP042', 3, 1000),
('ID1636524592', 'GIP020', 10, 1000),
('ID1636524592', 'GIP056', 6, 1000),
('ID1636524592', 'GIP043', 5, 1000),
('ID1636524592', 'GIP036', 25, 1000),
('ID1636524592', 'GIP034', 25, 1000),
('ID1636590561', 'GIP020', 10, 1000),
('ID1636590561', 'GIP028', 10, 1000),
('ID1636590561', 'GIP029', 1, 1000),
('ID1636590561', 'GIP034', 25, 1000),
('ID1636590561', 'GIP036', 25, 1000),
('ID1636590561', 'GIP056', 5, 1000),
('ID1636590561', 'GIP065', 5, 1000),
('ID1636591002', 'GIP044', 1, 1000),
('ID1636677394', 'GIP003', 1, 1000),
('ID1636677394', 'GIP028', 10, 1000),
('ID1636677394', 'GIP034', 25, 1000),
('ID1636677394', 'GIP036', 25, 1000),
('ID1636677394', 'GIP056', 6, 1000),
('ID1636677394', 'GIP065', 7, 1000),
('ID1636678425', 'GIP010', 1, 1000),
('ID1636678682', 'GIP021', 5, 1000),
('ID1636678682', 'GIP029', 2, 1000),
('ID1636680390', 'GIP027', 3, 1000),
('ID1636680390', 'GIP010', 2, 1000),
('ID1636680390', 'GIP021', 10, 1000),
('ID1636680390', 'GIP029', 2, 1000),
('ID1636682109', 'GIP010', 2, 1000),
('ID1636682109', 'GIP028', 10, 1000),
('ID1636682109', 'GIP017', 1, 1000),
('ID1636682109', 'GIP019', 10, 1000),
('ID1636682109', 'GIP020', 10, 1000),
('ID1636682109', 'GIP056', 4, 1000),
('ID1636682109', 'GIP037', 1, 1000),
('ID1636940675', 'GIP042', 3, 1000),
('ID1636940675', 'GIP017', 2, 1000),
('ID1636940675', 'GIP021', 6, 1000),
('ID1636940675', 'GIP029', 8, 1000),
('ID1636940675', 'GIP032', 10, 1000),
('ID1636940675', 'GIP010', 4, 1000),
('ID1636942545', 'GIP065', 9, 1000),
('ID1636942545', 'GIP034', 50, 1000),
('ID1636942545', 'GIP036', 50, 1000),
('ID1636942545', 'GIP030', 6, 1000),
('ID1636942545', 'GIP028', 25, 1000),
('ID1636942545', 'GIP020', 10, 1000),
('ID1636942545', 'GIP056', 6, 1000),
('ID1636938689', 'GIP029', 12, 1000),
('ID1636938689', 'GIP065', 2, 1000),
('ID1636938689', 'GIP010', 3, 1000),
('ID1636938689', 'GIP032', 16, 1000),
('ID1636943348', 'GIP031', 2, 1000),
('ID1636943348', 'GIP019', 5, 1000),
('ID1636943348', 'GIP020', 12, 1000),
('ID1636943348', 'GIP028', 10, 1000),
('ID1636943348', 'GIP029', 6, 1000),
('ID1636943348', 'GIP001', 3, 1000),
('ID1636943348', 'GIP034', 75, 1000),
('ID1636943348', 'GIP036', 50, 1000),
('ID1636943348', 'GIP042', 4, 1000),
('ID1636943348', 'GIP041', 2, 1000),
('ID1636943348', 'GIP056', 6, 1000),
('ID1636943348', 'GIP065', 10, 1000),
('ID1636091872', 'GIP049', 1, 1000),
('ID1636091872', 'GIP047', 1, 1000),
('ID1637022026', 'GIP028', 10, 1000),
('ID1637022026', 'GIP034', 25, 1000),
('ID1637022026', 'GIP035', 25, 1000),
('ID1637022026', 'GIP030', 6, 1000),
('ID1637022026', 'GIP036', 25, 1000),
('ID1637022026', 'GIP056', 5, 1000),
('ID1637022026', 'GIP065', 10, 1000),
('ID1637112290', 'GIP017', 1, 1000),
('ID1637112290', 'GIP021', 6, 1000),
('ID1637112290', 'GIP029', 7, 1000),
('ID1637122235', 'GIP010', 1, 1000),
('ID1637125881', 'GIP017', 1, 1000),
('ID1637136084', 'GIP046', 1, 1000),
('ID1637136084', 'GIP048', 1, 1000),
('ID1637196017', 'GIP028', 10, 1000),
('ID1637196017', 'GIP022', 2, 1000),
('ID1637196017', 'GIP024', 2, 1000),
('ID1637196017', 'GIP027', 1, 1000),
('ID1637196017', 'GIP029', 2, 1000),
('ID1637196017', 'GIP032', 2, 1000),
('ID1637196017', 'GIP065', 2, 1000),
('ID1637196017', 'GIP010', 3, 1000),
('ID1637196017', 'GIP021', 5, 1000),
('ID1637241407', 'GIP003', 1, 1000),
('ID1637281380', 'GIP028', 10, 1000),
('ID1637282041', 'GIP010', 5, 1000),
('ID1637282041', 'GIP056', 6, 1000),
('ID1637282041', 'GIP030', 6, 1000),
('ID1637282041', 'GIP028', 20, 1000),
('ID1637282041', 'GIP034', 25, 1000),
('ID1637282041', 'GIP036', 25, 1000),
('ID1637282041', 'GIP020', 5, 1000),
('ID1637282041', 'GIP065', 9, 1000),
('ID1637310643', 'GIP010', 1, 1000),
('ID1637375626', 'GIP064', 1, 1000),
('ID1637382433', 'GIP047', 1, 1000),
('ID1637382433', 'GIP048', 1, 1000),
('ID1637382433', 'GIP049', 1, 1000),
('ID1637390615', 'GIP046', 1, 1000),
('ID1637391727', 'GIP005', 38, 1000),
('ID1637391727', 'GIP006', 1, 1000),
('ID1637391727', 'GIP007', 2, 1000),
('ID1637391727', 'GIP012', 1, 1000),
('ID1637391727', 'GIP017', 4, 1000),
('ID1637391727', 'GIP034', 49, 1000),
('ID1637541278', 'GIP021', 10, 1000),
('ID1637541278', 'GIP028', 10, 1000),
('ID1637541814', 'GIP029', 15, 1000),
('ID1637541814', 'GIP042', 3, 1000),
('ID1637541814', 'GIP021', 10, 1000),
('ID1637541814', 'GIP017', 2, 1000),
('ID1637541814', 'GIP064', 1, 1000),
('ID1637543326', 'GIP065', 8, 1000),
('ID1637543326', 'GIP028', 10, 1000),
('ID1637543326', 'GIP020', 5, 1000),
('ID1637543326', 'GIP030', 10, 1000),
('ID1637543326', 'GIP056', 5, 1000),
('ID1637543326', 'GIP036', 25, 1000),
('ID1637543326', 'GIP034', 25, 1000),
('ID1637545068', 'GIP034', 25, 1000),
('ID1637545068', 'GIP065', 7, 1000),
('ID1637545068', 'GIP036', 50, 1000),
('ID1637545068', 'GIP028', 10, 1000),
('ID1637545068', 'GIP030', 10, 1000),
('ID1637545068', 'GIP032', 3, 1000),
('ID1637545068', 'GIP020', 4, 1000),
('ID1637545068', 'GIP066', 2, 10000),
('ID1637553354', 'GIP039', 1, 1000),
('ID1637716258', 'GIP065', 7, 1000),
('ID1637716258', 'GIP030', 5, 1000),
('ID1637716258', 'GIP034', 1, 1000),
('ID1637716258', 'GIP056', 4, 1000),
('ID1637716258', 'GIP036', 25, 1000),
('ID1637716258', 'GIP020', 5, 1000),
('ID1637716258', 'GIP001', 2, 1000),
('ID1637719427', 'GIP014', 1, 1000),
('ID1637798990', 'GIP003', 1, 1000),
('ID1637798990', 'GIP028', 10, 1000),
('ID1637798990', 'GIP056', 1, 1000),
('ID1637798990', 'GIP034', 2, 1000),
('ID1637798990', 'GIP036', 25, 1000),
('ID1637798990', 'GIP030', 8, 1000),
('ID1637798990', 'GIP020', 10, 1000),
('ID1637798990', 'GIP065', 5, 1000),
('ID1637885172', 'GIP034', 45, 1000),
('ID1637885172', 'GIP036', 35, 1000),
('ID1637885172', 'GIP065', 8, 1000),
('ID1637885172', 'GIP056', 1, 1000),
('ID1637885172', 'GIP020', 6, 1000),
('ID1637885172', 'GIP030', 6, 1000),
('ID1637885172', 'GIP028', 10, 1000),
('ID1637885172', 'GIP001', 3, 1000),
('ID1637886532', 'GIP029', 5, 1000),
('ID1637886618', 'GIP010', 5, 1000),
('ID1637889289', 'GIP022', 8, 1000),
('ID1637889289', 'GIP023', 2, 1000),
('ID1637889289', 'GIP027', 2, 1000),
('ID1637889289', 'GIP024', 2, 1000),
('ID1637889289', 'GIP025', 5, 1000),
('ID1637886433', 'GIP065', 6, 1000),
('ID1637886433', 'GIP034', 50, 1000),
('ID1637906988', 'GIP034', 52, 1000),
('ID1638145752', 'GIP010', 1, 1000),
('ID1638145635', 'GIP030', 6, 1000),
('ID1638145635', 'GIP036', 25, 1000),
('ID1638145635', 'GIP020', 6, 1000),
('ID1638145635', 'GIP019', 5, 1000),
('ID1638145635', 'GIP028', 10, 1000),
('ID1638145635', 'GIP065', 5, 1000),
('ID1638145635', 'GIP056', 8, 1000),
('ID1638145635', 'GIP034', 25, 1000),
('ID1638148319', 'GIP001', 5, 1000),
('ID1638148319', 'GIP036', 50, 1000),
('ID1638148319', 'GIP034', 75, 1000),
('ID1638148319', 'GIP065', 10, 1000),
('ID1638148319', 'GIP042', 6, 1000),
('ID1638148319', 'GIP043', 5, 1000),
('ID1638148319', 'GIP028', 10, 1000),
('ID1638148319', 'GIP056', 6, 1000),
('ID1638148319', 'GIP029', 15, 1000),
('ID1638147159', 'GIP029', 10, 1000),
('ID1638147159', 'GIP032', 8, 1000),
('ID1638147159', 'GIP042', 3, 1000),
('ID1638147159', 'GIP043', 5, 1000),
('ID1638147159', 'GIP021', 10, 1000),
('ID1638147159', 'GIP017', 1, 1000),
('ID1638147159', 'GIP010', 2, 1000),
('ID1638147159', 'GIP036', 1, 1000),
('ID1638147159', 'GIP065', 3, 1000),
('ID1638147159', 'GIP066', 1, 10000),
('ID1638147077', 'GIP035', 10, 1000),
('ID1638147077', 'GIP029', 10, 1000),
('ID1638147077', 'GIP022', 3, 1000),
('ID1638147077', 'GIP027', 1, 1000),
('ID1638147077', 'GIP010', 5, 1000),
('ID1638147077', 'GIP021', 20, 1000),
('ID1638147077', 'GIP032', 20, 1000),
('ID1638147077', 'GIP042', 4, 1000),
('ID1638147077', 'GIP065', 3, 1000),
('ID1638147077', 'GIP028', 4, 1000),
('ID1638147077', 'GIP017', 1, 1000),
('ID1638147077', 'GIP024', 1, 1000),
('ID1638147077', 'GIP023', 1, 1000),
('ID1638233758', 'GIP022', 2, 1000),
('ID1638233758', 'GIP023', 1, 1000),
('ID1638233758', 'GIP024', 1, 1000),
('ID1638233758', 'GIP025', 4, 1000),
('ID1638233758', 'GIP027', 1, 1000),
('ID1638233122', 'GIP036', 25, 1000),
('ID1638233122', 'GIP056', 10, 1000),
('ID1638233122', 'GIP028', 20, 1000),
('ID1638233122', 'GIP034', 25, 1000),
('ID1638233122', 'GIP065', 7, 1000),
('ID1638233122', 'GIP031', 2, 1000),
('ID1638239506', 'GIP022', 3, 1000),
('ID1638239506', 'GIP023', 2, 1000),
('ID1638239506', 'GIP024', 3, 1000),
('ID1638239506', 'GIP025', 6, 1000),
('ID1638245122', 'GIP025', 3, 1000),
('ID1638245122', 'GIP022', 6, 1000),
('ID1638245122', 'GIP023', 1, 1000),
('ID1638245122', 'GIP024', 1, 1000),
('ID1638245122', 'GIP027', 1, 1000),
('ID1638249041', 'GIP040', 5, 1000),
('ID1638250992', 'GIP025', 3, 1000),
('ID1638250992', 'GIP027', 1, 1000),
('ID1638250992', 'GIP022', 4, 1000),
('ID1638250992', 'GIP023', 1, 1000),
('ID1638250992', 'GIP024', 1, 1000),
('ID1638259290', 'GIP025', 7, 1000),
('ID1638259290', 'GIP022', 4, 1000),
('ID1638259290', 'GIP023', 1, 1000),
('ID1638259290', 'GIP024', 1, 1000),
('ID1638259290', 'GIP027', 1, 1000),
('ID1638320810', 'GIP022', 2, 1000),
('ID1638320810', 'GIP023', 1, 1000),
('ID1638320810', 'GIP024', 1, 1000),
('ID1638320810', 'GIP027', 1, 1000),
('ID1638320810', 'GIP025', 1, 1000),
('ID1638322654', 'GIP036', 25, 1000),
('ID1638322654', 'GIP065', 10, 1000),
('ID1638339124', 'GIP022', 5, 1000),
('ID1638339124', 'GIP023', 4, 1000),
('ID1638339124', 'GIP024', 5, 1000),
('ID1638339124', 'GIP025', 5, 1000),
('ID1638339124', 'GIP027', 5, 1000),
('ID1638339124', 'GIP028', 20, 1000),
('ID1638339124', 'GIP017', 2, 1000),
('ID1638339124', 'GIP034', 25, 1000),
('ID1638344915', 'GIP046', 1, 1000),
('ID1638345889', 'GIP029', 10, 1000),
('ID1638345889', 'GIP032', 12, 1000),
('ID1638345889', 'GIP021', 10, 1000),
('ID1638413233', 'GIP028', 1, 1000),
('ID1638413233', 'GIP017', 1, 1000),
('ID1638413233', 'GIP014', 1, 1000),
('ID1638413233', 'GIP035', 1, 1000),
('ID1638427107', 'GIP039', 5, 1000),
('ID1638427531', 'GIP003', 1, 1000),
('ID1638490609', 'GIP034', 50, 1000),
('ID1638490609', 'GIP036', 25, 1000),
('ID1638490609', 'GIP065', 7, 1000),
('ID1638490609', 'GIP056', 8, 1000),
('ID1638490609', 'GIP020', 6, 1000),
('ID1638490609', 'GIP028', 10, 1000),
('ID1638512301', 'GIP029', 9, 1000),
('ID1638518446', 'GIP038', 1, 1000),
('ID1638518446', 'GIP039', 1, 1000),
('ID1638518446', 'GIP049', 1, 1000),
('ID1638518446', 'GIP047', 1, 1000),
('ID1638518446', 'GIP048', 1, 1000),
('ID1638518446', 'GIP046', 1, 1000),
('ID1638753472', 'GIP017', 1, 1000),
('ID1638753472', 'GIP066', 2, 10000),
('ID1638770714', 'GIP009', 1, 1000),
('ID1638770714', 'GIP027', 1, 1000),
('ID1638770714', 'GIP025', 1, 1000),
('ID1638770714', 'GIP024', 1, 1000),
('ID1638770714', 'GIP023', 1, 1000),
('ID1638770714', 'GIP022', 4, 1000),
('ID1638838030', 'GIP065', 10, 1000),
('ID1638838030', 'GIP034', 25, 1000),
('ID1638838030', 'GIP036', 25, 1000),
('ID1638838030', 'GIP028', 20, 1000),
('ID1638838030', 'GIP056', 10, 1000),
('ID1638842342', 'GIP065', 10, 1000),
('ID1638842342', 'GIP034', 50, 1000),
('ID1638842342', 'GIP036', 25, 1000),
('ID1638842342', 'GIP056', 3, 1000),
('ID1638842342', 'GIP028', 10, 1000),
('ID1638847142', 'GIP010', 3, 1000),
('ID1638858431', 'GIP029', 15, 1000),
('ID1638858431', 'GIP042', 3, 1000),
('ID1638858431', 'GIP065', 7, 1000),
('ID1638858431', 'GIP036', 25, 1000),
('ID1638859002', 'GIP056', 5, 1000),
('ID1638894858', 'GIP022', 6, 1000),
('ID1638894858', 'GIP027', 4, 1000),
('ID1638894858', 'GIP023', 4, 1000),
('ID1638894858', 'GIP025', 4, 1000),
('ID1638894858', 'GIP024', 4, 1000),
('ID1638895041', 'GIP028', 20, 1000),
('ID1638922002', 'GIP022', 3, 1000),
('ID1638922002', 'GIP023', 1, 1000),
('ID1638922002', 'GIP024', 1, 1000),
('ID1638922002', 'GIP025', 4, 1000),
('ID1638922002', 'GIP027', 1, 1000),
('ID1638922753', 'GIP034', 50, 1000),
('ID1638922753', 'GIP036', 50, 1000),
('ID1638922753', 'GIP065', 8, 1000),
('ID1638922753', 'GIP028', 30, 1000),
('ID1638922753', 'GIP056', 8, 1000),
('ID1638922753', 'GIP020', 10, 1000),
('ID1638922753', 'GIP030', 10, 1000),
('ID1638938844', 'GIP045', 3, 1000),
('ID1638924887', 'GIP040', 5, 1000),
('ID1639009649', 'GIP034', 25, 1000),
('ID1639009649', 'GIP036', 25, 1000),
('ID1639009649', 'GIP020', 10, 1000),
('ID1639009649', 'GIP019', 10, 1000),
('ID1639009649', 'GIP028', 10, 1000),
('ID1639009649', 'GIP065', 5, 1000),
('ID1639011471', 'GIP042', 4, 1000),
('ID1639011471', 'GIP029', 3, 1000),
('ID1639011471', 'GIP021', 12, 1000),
('ID1639011471', 'GIP065', 2, 1000),
('ID1639011471', 'GIP028', 10, 1000),
('ID1639032995', 'GIP010', 5, 1000),
('ID1639034899', 'GIP017', 1, 1000),
('ID1639095149', 'GIP044', 1, 1000),
('ID1639095314', 'GIP034', 50, 1000),
('ID1639095314', 'GIP036', 25, 1000),
('ID1639095314', 'GIP056', 8, 1000),
('ID1639095314', 'GIP001', 2, 1000),
('ID1639095314', 'GIP065', 8, 1000),
('ID1639095314', 'GIP028', 10, 1000),
('ID1639095314', 'GIP020', 6, 1000),
('ID1639103532', 'GIP003', 1, 1000),
('ID1639107788', 'GIP029', 15, 1000),
('ID1639107788', 'GIP032', 16, 1000),
('ID1639107788', 'GIP034', 25, 1000),
('ID1639107788', 'GIP042', 2, 1000),
('ID1639270923', 'GIP028', 20, 1000),
('ID1639358410', 'GIP021', 15, 1000),
('ID1639358410', 'GIP028', 10, 1000),
('ID1639358410', 'GIP029', 10, 1000),
('ID1639358410', 'GIP065', 5, 1000),
('ID1639358410', 'GIP042', 1, 1000),
('ID1639358410', 'GIP017', 1, 1000),
('ID1639358079', 'GIP034', 25, 1000),
('ID1639358079', 'GIP036', 50, 1000),
('ID1639358079', 'GIP028', 20, 1000),
('ID1639358079', 'GIP020', 10, 1000),
('ID1639358079', 'GIP035', 25, 1000),
('ID1639358079', 'GIP056', 16, 1000),
('ID1639358079', 'GIP030', 10, 1000),
('ID1639358079', 'GIP065', 15, 1000),
('ID1639358079', 'GIP037', 1, 1000),
('ID1639358079', 'GIP003', 1, 1000),
('ID1639361455', 'GIP017', 1, 1000),
('ID1639361455', 'GIP029', 3, 1000),
('ID1639359190', 'GIP029', 13, 1000),
('ID1639359190', 'GIP043', 2, 1000),
('ID1639359190', 'GIP034', 25, 1000),
('ID1639359190', 'GIP036', 50, 1000),
('ID1639359190', 'GIP028', 20, 1000),
('ID1639359190', 'GIP056', 8, 1000),
('ID1639359190', 'GIP065', 9, 1000),
('ID1639359190', 'GIP010', 2, 1000),
('ID1639359190', 'GIP032', 13, 1000),
('ID1639359190', 'GIP020', 10, 1000),
('ID1639359190', 'GIP017', 1, 1000),
('ID1639441966', 'GIP022', 7, 1000),
('ID1639441966', 'GIP023', 1, 1000),
('ID1639441966', 'GIP024', 1, 1000),
('ID1639441966', 'GIP025', 11, 1000),
('ID1639441966', 'GIP027', 1, 1000),
('ID1639442123', 'GIP022', 3, 1000),
('ID1639442123', 'GIP023', 1, 1000),
('ID1639442123', 'GIP024', 1, 1000),
('ID1639442123', 'GIP025', 2, 1000),
('ID1639442123', 'GIP027', 1, 1000),
('ID1639442327', 'GIP022', 3, 1000),
('ID1639442327', 'GIP023', 1, 1000),
('ID1639442327', 'GIP024', 1, 1000),
('ID1639442327', 'GIP025', 2, 1000),
('ID1639442327', 'GIP027', 1, 1000),
('ID1639442450', 'GIP022', 3, 1000),
('ID1639442450', 'GIP023', 1, 1000),
('ID1639442450', 'GIP024', 1, 1000),
('ID1639442450', 'GIP025', 8, 1000),
('ID1639442450', 'GIP027', 1, 1000),
('ID1639442558', 'GIP022', 1, 1000),
('ID1639442558', 'GIP023', 1, 1000),
('ID1639442558', 'GIP024', 1, 1000),
('ID1639442558', 'GIP025', 1, 1000),
('ID1639442558', 'GIP027', 1, 1000),
('ID1639443411', 'GIP065', 10, 1000),
('ID1639443411', 'GIP034', 25, 1000),
('ID1639443411', 'GIP028', 20, 1000),
('ID1639443411', 'GIP037', 1, 1000),
('ID1639448029', 'GIP036', 100, 1000),
('ID1639458576', 'GIP022', 3, 1000),
('ID1639458576', 'GIP023', 1, 1000),
('ID1639458576', 'GIP024', 1, 1000),
('ID1639458576', 'GIP027', 1, 1000),
('ID1639458576', 'GIP025', 10, 1000),
('ID1639543272', 'GIP066', 8, 10000),
('ID1639617964', 'GIP065', 10, 1000),
('ID1639617964', 'GIP034', 50, 1000),
('ID1639617964', 'GIP056', 8, 1000),
('ID1639637432', 'GIP041', 2, 1000),
('ID1639700125', 'GIP046', 1, 1000),
('ID1639701277', 'GIP065', 4, 1000),
('ID1639699850', 'GIP028', 10, 1000),
('ID1639699850', 'GIP034', 25, 1000),
('ID1639699850', 'GIP036', 50, 1000),
('ID1639699850', 'GIP065', 10, 1000),
('ID1639699850', 'GIP020', 10, 1000),
('ID1639702907', 'GIP021', 2, 1000),
('ID1639702907', 'GIP029', 3, 1000),
('ID1639702907', 'GIP032', 9, 1000),
('ID1639706272', 'GIP021', 12, 1000),
('ID1639706272', 'GIP029', 5, 1000),
('ID1639961495', 'GIP029', 5, 1000),
('ID1639961905', 'GIP065', 10, 1000),
('ID1639961905', 'GIP028', 25, 1000),
('ID1639961905', 'GIP034', 25, 1000),
('ID1639961905', 'GIP056', 10, 1000),
('ID1639961905', 'GIP035', 25, 1000),
('ID1639961905', 'GIP020', 8, 1000),
('ID1639961905', 'GIP030', 5, 1000),
('ID1639961905', 'GIP001', 3, 1000),
('ID1639963482', 'GIP036', 50, 1000),
('ID1639963482', 'GIP028', 10, 1000),
('ID1639963482', 'GIP056', 5, 1000),
('ID1639964506', 'GIP017', 2, 1000),
('ID1639964506', 'GIP042', 3, 1000),
('ID1639964506', 'GIP029', 15, 1000),
('ID1639964506', 'GIP065', 4, 1000),
('ID1639964506', 'GIP014', 1, 1000),
('ID1639963536', 'GIP065', 10, 1000),
('ID1639963536', 'GIP028', 20, 1000),
('ID1639963536', 'GIP034', 25, 1000),
('ID1639963536', 'GIP036', 50, 1000),
('ID1639963536', 'GIP056', 8, 1000),
('ID1639963536', 'GIP003', 1, 1000),
('ID1639963536', 'GIP042', 3, 1000),
('ID1639963536', 'GIP043', 4, 1000),
('ID1639963536', 'GIP029', 4, 1000),
('ID1639963536', 'GIP020', 10, 1000),
('ID1640046169', 'GIP028', 10, 1000),
('ID1640046169', 'GIP036', 25, 1000),
('ID1640046169', 'GIP020', 10, 1000),
('ID1640046169', 'GIP019', 10, 1000),
('ID1640046169', 'GIP030', 12, 1000),
('ID1640046169', 'GIP065', 5, 1000),
('ID1640046169', 'GIP039', 2, 1000),
('ID1640046169', 'GIP056', 3, 1000),
('ID1640136567', 'GIP003', 1, 1000),
('ID1640155356', 'GIP028', 25, 1000),
('ID1640219406', 'GIP036', 75, 1000),
('ID1640219406', 'GIP034', 25, 1000),
('ID1640219406', 'GIP065', 5, 1000),
('ID1640219406', 'GIP028', 50, 1000),
('ID1640221592', 'GIP065', 10, 1000),
('ID1640221592', 'GIP056', 10, 1000),
('ID1640221592', 'GIP028', 25, 1000),
('ID1640221592', 'GIP020', 5, 1000),
('ID1640221592', 'GIP030', 5, 1000),
('ID1640307735', 'GIP065', 4, 1000),
('ID1640307139', 'GIP065', 5, 1000),
('ID1640307139', 'GIP056', 5, 1000),
('ID1640307139', 'GIP020', 6, 1000),
('ID1640307139', 'GIP028', 5, 1000),
('ID1640307139', 'GIP034', 50, 1000),
('ID1640306368', 'GIP036', 50, 1000),
('ID1640306368', 'GIP065', 5, 1000),
('ID1640306368', 'GIP056', 5, 1000),
('ID1640306368', 'GIP020', 5, 1000),
('ID1640306368', 'GIP001', 1, 1000),
('ID1640305844', 'GIP017', 1, 1000),
('ID1640305844', 'GIP029', 10, 1000),
('ID1640305844', 'GIP028', 10, 1000),
('ID1640305844', 'GIP021', 24, 1000),
('ID1640305844', 'GIP042', 4, 1000),
('ID1640305844', 'GIP032', 32, 1000),
('ID1640563730', 'GIP036', 25, 1000),
('ID1640563730', 'GIP065', 5, 1000),
('ID1640563730', 'GIP020', 10, 1000),
('ID1640563730', 'GIP019', 3, 1000),
('ID1640563730', 'GIP056', 2, 1000),
('ID1640563730', 'GIP030', 6, 1000),
('ID1640563730', 'GIP028', 1, 1000),
('ID1640563337', 'GIP029', 9, 1000),
('ID1640563337', 'GIP021', 24, 1000),
('ID1640563337', 'GIP065', 4, 1000),
('ID1640564564', 'GIP003', 1, 1000),
('ID1640564564', 'GIP065', 5, 1000),
('ID1640564564', 'GIP020', 10, 1000),
('ID1640564564', 'GIP034', 25, 1000),
('ID1640564564', 'GIP030', 5, 1000),
('ID1640564564', 'GIP028', 10, 1000),
('ID1640564564', 'GIP056', 3, 1000),
('ID1640565530', 'GIP017', 2, 1000),
('ID1640565530', 'GIP029', 7, 1000),
('ID1640565530', 'GIP010', 1, 1000),
('ID1640565530', 'GIP021', 10, 1000),
('ID1640565530', 'GIP065', 1, 1000),
('ID1640565530', 'GIP043', 5, 1000),
('ID1640565530', 'GIP038', 2, 1000),
('ID1640565530', 'GIP032', 6, 1000),
('ID1640567064', 'GIP029', 9, 1000),
('ID1640567064', 'GIP034', 25, 1000),
('ID1640567064', 'GIP036', 50, 1000),
('ID1640567064', 'GIP028', 2, 1000),
('ID1640567064', 'GIP056', 4, 1000),
('ID1640567064', 'GIP065', 7, 1000),
('ID1640567064', 'GIP030', 15, 1000),
('ID1640567064', 'GIP020', 20, 1000),
('ID1640567064', 'GIP019', 2, 1000),
('ID1640567064', 'GIP017', 1, 1000),
('ID1640573680', 'GIP025', 2, 1000),
('ID1640650956', 'GIP028', 1, 1000),
('ID1640650956', 'GIP034', 25, 1000),
('ID1640650956', 'GIP056', 4, 1000),
('ID1640650956', 'GIP035', 25, 1000),
('ID1640650956', 'GIP036', 25, 1000),
('ID1640650956', 'GIP065', 3, 1000),
('ID1640749442', 'GIP022', 3, 1000),
('ID1640749442', 'GIP023', 1, 1000),
('ID1640749442', 'GIP024', 1, 1000),
('ID1640749442', 'GIP025', 4, 1000),
('ID1640749442', 'GIP027', 1, 1000),
('ID1640749442', 'GIP065', 5, 1000),
('ID1640760594', 'GIP022', 6, 1000),
('ID1640760594', 'GIP024', 7, 1000),
('ID1640760594', 'GIP025', 6, 1000),
('ID1640760594', 'GIP027', 3, 1000),
('ID1640760594', 'GIP023', 3, 1000),
('ID1640764992', 'GIP022', 4, 1000),
('ID1640764992', 'GIP023', 2, 1000),
('ID1640764992', 'GIP025', 5, 1000),
('ID1640764992', 'GIP024', 2, 1000),
('ID1640823499', 'GIP065', 4, 1000),
('ID1640823499', 'GIP003', 1, 1000),
('ID1640823499', 'GIP028', 10, 1000),
('ID1640823499', 'GIP056', 5, 1000),
('ID1640823630', 'GIP065', 5, 1000),
('ID1640824668', 'GIP021', 8, 1000),
('ID1640824668', 'GIP065', 1, 1000),
('ID1640824668', 'GIP042', 3, 1000),
('ID1640824668', 'GIP032', 16, 1000),
('ID1640824668', 'GIP029', 11, 1000),
('ID1640856827', 'GIP034', 25, 1000),
('ID1640910908', 'GIP028', 1, 1000),
('ID1640910015', 'GIP029', 4, 1000),
('ID1640910015', 'GIP017', 1, 1000),
('ID1640910015', 'GIP028', 10, 1000),
('ID1640917331', 'GIP034', 50, 1000),
('ID1640917331', 'GIP056', 10, 1000),
('ID1640917331', 'GIP028', 20, 1000),
('ID1640919532', 'GIP037', 2, 1000),
('ID1641172676', 'GIP022', 3, 1000),
('ID1641172676', 'GIP023', 1, 1000),
('ID1641172676', 'GIP027', 1, 1000),
('ID1641172331', 'GIP036', 50, 1000),
('ID1641172331', 'GIP028', 25, 1000),
('ID1641172331', 'GIP030', 12, 1000),
('ID1641172331', 'GIP020', 10, 1000),
('ID1641172331', 'GIP019', 10, 1000),
('ID1641172331', 'GIP031', 2, 1000),
('ID1641172331', 'GIP065', 6, 1000),
('ID1641171912', 'GIP065', 15, 1000),
('ID1641171912', 'GIP036', 1, 1000),
('ID1641171912', 'GIP056', 8, 1000),
('ID1641171912', 'GIP003', 1, 1000),
('ID1641171912', 'GIP030', 5, 1000),
('ID1641173525', 'GIP065', 12, 1000),
('ID1641173525', 'GIP034', 75, 1000),
('ID1641173525', 'GIP036', 50, 1000),
('ID1641173525', 'GIP028', 10, 1000),
('ID1641173525', 'GIP056', 3, 1000),
('ID1641173525', 'GIP003', 1, 1000),
('ID1641173525', 'GIP042', 5, 1000),
('ID1641173525', 'GIP043', 6, 1000),
('ID1641173525', 'GIP029', 8, 1000),
('ID1641173525', 'GIP017', 1, 1000),
('ID1641175338', 'GIP028', 20, 1000),
('ID1641175338', 'GIP056', 4, 1000),
('ID1641175338', 'GIP020', 5, 1000),
('ID1641175338', 'GIP030', 6, 1000),
('ID1641175338', 'GIP034', 25, 1000),
('ID1641175338', 'GIP065', 3, 1000),
('ID1641255543', 'GIP036', 100, 1000),
('ID1641255543', 'GIP056', 3, 1000),
('ID1641259046', 'GIP065', 4, 1000),
('ID1641259046', 'GIP025', 4, 1000),
('ID1641259046', 'GIP027', 3, 1000),
('ID1641259046', 'GIP022', 7, 1000),
('ID1641259046', 'GIP023', 2, 1000),
('ID1641259046', 'GIP024', 2, 1000),
('ID1641259046', 'GIP064', 2, 1000),
('ID1641260701', 'GIP022', 3, 1000),
('ID1641260701', 'GIP023', 1, 1000),
('ID1641260701', 'GIP024', 1, 1000),
('ID1641260701', 'GIP025', 5, 1000),
('ID1641262313', 'GIP022', 3, 1000),
('ID1641262313', 'GIP023', 1, 1000),
('ID1641262313', 'GIP024', 1, 1000),
('ID1641262313', 'GIP025', 3, 1000),
('ID1641262313', 'GIP027', 1, 1000),
('ID1641341527', 'GIP034', 50, 1000),
('ID1641341527', 'GIP056', 8, 1000),
('ID1641341527', 'GIP028', 10, 1000),
('ID1641341527', 'GIP065', 5, 50000),
('ID1641341527', 'GIP037', 1, 1000),
('ID1641366957', 'GIP034', 50, 1000),
('ID1641366957', 'GIP035', 25, 1000),
('ID1641366957', 'GIP029', 5, 1000),
('ID1641366957', 'GIP042', 2, 1000),
('ID1641366957', 'GIP065', 2, 50000),
('ID1641430481', 'GIP034', 25, 1000),
('ID1641430481', 'GIP065', 4, 50000),
('ID1641429314', 'GIP028', 10, 1000),
('ID1641429314', 'GIP065', 6, 50000),
('ID1641436580', 'GIP037', 1, 1000),
('ID1641488321', 'GIP029', 10, 1000),
('ID1641488321', 'GIP010', 5, 1000),
('ID1641488321', 'GIP021', 15, 1000),
('ID1641488321', 'GIP065', 5, 50000),
('ID1641514523', 'GIP056', 5, 1000),
('ID1641514523', 'GIP065', 2, 50000),
('ID1641515090', 'GIP065', 7, 50000),
('ID1641515090', 'GIP021', 12, 1000),
('ID1641515090', 'GIP029', 9, 1000),
('ID1641515090', 'GIP010', 2, 1000),
('ID1641515090', 'GIP028', 10, 1000),
('ID1641539334', 'GIP001', 3, 1000),
('ID1641776634', 'GIP034', 100, 1000),
('ID1641776634', 'GIP035', 50, 1000),
('ID1641776634', 'GIP028', 20, 1000),
('ID1641776634', 'GIP036', 25, 1000),
('ID1641776634', 'GIP056', 10, 1000),
('ID1641776634', 'GIP020', 10, 1000),
('ID1641776634', 'GIP030', 10, 1000),
('ID1641778270', 'GIP021', 3, 1000),
('ID1641778270', 'GIP032', 3, 1000),
('ID1641778270', 'GIP022', 3, 1000),
('ID1641778270', 'GIP023', 3, 1000),
('ID1641778270', 'GIP024', 3, 1000),
('ID1641778270', 'GIP027', 5, 1000),
('ID1641778270', 'GIP026', 2, 1000),
('ID1641778270', 'GIP065', 8, 50000),
('ID1641778270', 'GIP028', 10, 1000),
('ID1641778270', 'GIP034', 75, 1000),
('ID1641778270', 'GIP036', 75, 1000),
('ID1641778270', 'GIP037', 1, 1000),
('ID1641782119', 'GIP022', 4, 1000),
('ID1641782119', 'GIP023', 2, 1000),
('ID1641782119', 'GIP027', 3, 1000),
('ID1641782119', 'GIP025', 4, 1000),
('ID1641782119', 'GIP026', 1, 1000),
('ID1641789270', 'GIP003', 1, 1000),
('ID1641789807', 'GIP044', 1, 1000),
('ID1641793232', 'GIP034', 10, 1000),
('ID1641860448', 'GIP039', 1, 1000),
('ID1641860448', 'GIP040', 1, 1000),
('ID1641862493', 'GIP021', 20, 1000),
('ID1641862493', 'GIP029', 10, 1000),
('ID1641862493', 'GIP042', 1, 1000),
('ID1641862493', 'GIP032', 12, 1000),
('ID1641862493', 'GIP017', 1, 1000),
('ID1641953779', 'GIP028', 10, 1000),
('ID1641953779', 'GIP034', 25, 1000),
('ID1641953779', 'GIP065', 10, 50000),
('ID1641953779', 'GIP056', 8, 1000),
('ID1642031490', 'GIP036', 20, 1000),
('ID1642031490', 'GIP028', 20, 1000),
('ID1642031490', 'GIP065', 6, 50000),
('ID1642031490', 'GIP030', 10, 1000),
('ID1642031490', 'GIP020', 10, 1000),
('ID1642031490', 'GIP019', 5, 1000),
('ID1642031490', 'GIP056', 5, 1000),
('ID1642036580', 'GIP028', 10, 1000),
('ID1642042236', 'GIP049', 1, 1000),
('ID1642042236', 'GIP046', 1, 1000),
('ID1642083974', 'GIP003', 1, 1000),
('ID1642120894', 'GIP046', 1, 1000),
('ID1642120901', 'GIP036', 50, 1000),
('ID1642120901', 'GIP065', 10, 50000),
('ID1642120901', 'GIP028', 15, 1000),
('ID1642120901', 'GIP056', 3, 1000),
('ID1642120901', 'GIP020', 5, 1000),
('ID1642121513', 'GIP065', 10, 50000),
('ID1642121513', 'GIP029', 8, 1000),
('ID1642121513', 'GIP021', 10, 1000),
('ID1642121513', 'GIP056', 4, 1000),
('ID1642121513', 'GIP034', 25, 1000),
('ID1642168903', 'GIP034', 5, 1000),
('ID1642380977', 'GIP065', 3, 50000),
('ID1642380977', 'GIP021', 4, 1000),
('ID1642380977', 'GIP029', 15, 1000),
('ID1642380977', 'GIP042', 3, 1000),
('ID1642380977', 'GIP032', 32, 1000),
('ID1642380977', 'GIP017', 1, 1000),
('ID1642380119', 'GIP022', 5, 1000),
('ID1642380119', 'GIP020', 5, 1000),
('ID1642380119', 'GIP034', 25, 1000),
('ID1642380119', 'GIP056', 10, 1000),
('ID1642380119', 'GIP032', 8, 1000),
('ID1642380119', 'GIP065', 10, 50000),
('ID1642380119', 'GIP066', 5, 10000),
('ID1642380119', 'GIP028', 10, 1000),
('ID1642380119', 'GIP030', 2, 1000),
('ID1642380119', 'GIP019', 5, 1000),
('ID1642384180', 'GIP065', 5, 50000),
('ID1642384180', 'GIP036', 8, 1000),
('ID1642384180', 'GIP020', 5, 1000),
('ID1642384180', 'GIP025', 3, 1000),
('ID1642384180', 'GIP039', 2, 1000),
('ID1642402287', 'GIP020', 5, 1000),
('ID1642402287', 'GIP019', 5, 1000),
('ID1642402287', 'GIP022', 1, 1000),
('ID1642402287', 'GIP023', 1, 1000),
('ID1642402287', 'GIP024', 1, 1000),
('ID1642402287', 'GIP025', 1, 1000),
('ID1642402287', 'GIP027', 1, 1000),
('ID1642402287', 'GIP065', 7, 50000),
('ID1642402287', 'GIP028', 2, 1000),
('ID1642402287', 'GIP056', 10, 1000),
('ID1642402287', 'GIP034', 5, 1000),
('ID1642402287', 'GIP035', 4, 1000),
('ID1642402287', 'GIP036', 1, 1000),
('ID1642427625', 'GIP028', 1, 1000),
('ID1642468751', 'GIP022', 8, 1000),
('ID1642468751', 'GIP023', 2, 1000),
('ID1642468751', 'GIP024', 2, 1000),
('ID1642468751', 'GIP027', 2, 1000),
('ID1642468751', 'GIP025', 2, 1000),
('ID1642488164', 'GIP034', 2, 1000),
('ID1642520119', 'GIP003', 1, 1000),
('ID1642553221', 'GIP068', 1, 50000),
('ID1642561488', 'GIP036', 10, 1000),
('ID1642561488', 'GIP056', 5, 1000),
('ID1642561488', 'GIP028', 10, 1000),
('ID1642561488', 'GIP037', 5, 1000),
('ID1642561488', 'GIP031', 3, 1000),
('ID1642561488', 'GIP030', 5, 1000),
('ID1642561488', 'GIP034', 15, 1000),
('ID1642638937', 'GIP021', 7, 1000),
('ID1642638937', 'GIP042', 1, 1000),
('ID1642638937', 'GIP043', 2, 1000),
('ID1642638937', 'GIP064', 2, 1000),
('ID1642638937', 'GIP010', 3, 1000),
('ID1642724244', 'GIP029', 8, 1000),
('ID1642724244', 'GIP065', 5, 50000),
('ID1642724244', 'GIP034', 25, 1000),
('ID1642726267', 'GIP028', 25, 1000),
('ID1642726450', 'GIP034', 25, 1000),
('ID1642726450', 'GIP065', 15, 50000),
('ID1642726450', 'GIP028', 10, 1000),
('ID1642986245', 'GIP065', 6, 50000),
('ID1642986245', 'GIP056', 6, 1000),
('ID1642986245', 'GIP030', 24, 1000),
('ID1642986245', 'GIP020', 6, 1000),
('ID1642986632', 'GIP022', 6, 1000),
('ID1642986632', 'GIP024', 2, 1000),
('ID1642986632', 'GIP027', 2, 1000),
('ID1642986789', 'GIP017', 1, 1000),
('ID1642986789', 'GIP021', 5, 1000),
('ID1642986789', 'GIP022', 2, 1000),
('ID1642986789', 'GIP023', 2, 1000),
('ID1642986789', 'GIP024', 2, 1000),
('ID1642986789', 'GIP065', 2, 50000),
('ID1642986789', 'GIP029', 3, 1000),
('ID1642986860', 'GIP020', 5, 1000),
('ID1642986860', 'GIP029', 5, 1000),
('ID1642986860', 'GIP065', 5, 50000),
('ID1642986860', 'GIP028', 10, 1000),
('ID1642986860', 'GIP037', 1, 1000),
('ID1642986860', 'GIP021', 6, 1000),
('ID1642986860', 'GIP032', 4, 1000),
('ID1642986860', 'GIP034', 25, 1000),
('ID1642986860', 'GIP036', 75, 1000),
('ID1643069701', 'GIP036', 50, 1000),
('ID1643069701', 'GIP028', 10, 1000),
('ID1643069701', 'GIP020', 10, 1000),
('ID1643069701', 'GIP019', 10, 1000),
('ID1643072224', 'GIP028', 20, 1000),
('ID1643072224', 'GIP056', 5, 1000),
('ID1643091381', 'GIP034', 25, 1000),
('ID1643091399', 'GIP034', 25, 1000),
('ID1643156180', 'GIP065', 10, 50000),
('ID1643156180', 'GIP030', 10, 1000),
('ID1643156180', 'GIP036', 25, 1000),
('ID1643157747', 'GIP034', 25, 1000),
('ID1643164503', 'GIP021', 12, 1000),
('ID1643164503', 'GIP029', 6, 1000),
('ID1643164503', 'GIP065', 3, 50000),
('ID1643164503', 'GIP056', 4, 1000),
('ID1643164503', 'GIP066', 2, 10000),
('ID1643184022', 'GIP034', 50, 1000),
('ID1643243228', 'GIP046', 1, 1000),
('ID1643244810', 'GIP049', 1, 1000),
('ID1643244558', 'GIP003', 1, 1000),
('ID1643244558', 'GIP065', 10, 90000),
('ID1643244558', 'GIP020', 10, 1000),
('ID1643328799', 'GIP065', 2, 90000),
('ID1643328799', 'GIP056', 3, 1000),
('ID1643328799', 'GIP020', 10, 1000),
('ID1643328799', 'GIP028', 10, 1000),
('ID1643328799', 'GIP036', 25, 1000),
('ID1643330118', 'GIP034', 25, 27000),
('ID1643330118', 'GIP065', 3, 90000),
('ID1643330215', 'GIP065', 5, 90000),
('ID1643330215', 'GIP056', 5, 1000),
('ID1643330215', 'GIP034', 25, 27000),
('ID1643330266', 'GIP020', 6, 1000),
('ID1643330266', 'GIP021', 4, 1000),
('ID1643330266', 'GIP029', 8, 1000),
('ID1643330266', 'GIP056', 6, 1000),
('ID1643330266', 'GIP065', 10, 90000),
('ID1643330266', 'GIP028', 10, 1000),
('ID1643330266', 'GIP034', 50, 27000),
('ID1643330266', 'GIP037', 1, 1000),
('ID1643579712', 'GIP022', 5, 1000),
('ID1643579712', 'GIP032', 6, 1000),
('ID1643588341', 'GIP029', 12, 1000),
('ID1643588341', 'GIP032', 16, 1000),
('ID1643588341', 'GIP021', 12, 1000),
('ID1643588341', 'GIP042', 2, 1000),
('ID1643588341', 'GIP043', 2, 1000),
('ID1643588341', 'GIP028', 10, 1000),
('ID1643588341', 'GIP017', 1, 1000),
('ID1643587315', 'GIP034', 50, 27000),
('ID1643587315', 'GIP056', 8, 1000),
('ID1643587315', 'GIP065', 5, 90000),
('ID1643587315', 'GIP028', 10, 1000),
('ID1643591231', 'GIP034', 75, 27000),
('ID1643591231', 'GIP003', 2, 1000),
('ID1643591231', 'GIP010', 2, 1000),
('ID1643591231', 'GIP022', 18, 1000),
('ID1643591231', 'GIP017', 3, 1000),
('ID1643591231', 'GIP020', 2, 1000),
('ID1643591231', 'GIP019', 3, 1000),
('ID1643591231', 'GIP021', 3, 1000),
('ID1643591231', 'GIP023', 8, 1000),
('ID1643591231', 'GIP024', 8, 1000),
('ID1643591231', 'GIP025', 8, 1000),
('ID1643591231', 'GIP026', 5, 1000),
('ID1643591231', 'GIP027', 8, 1000),
('ID1643591231', 'GIP028', 10, 1000),
('ID1643591231', 'GIP029', 10, 1000),
('ID1643591231', 'GIP030', 15, 1000),
('ID1643591231', 'GIP031', 3, 1000),
('ID1643591231', 'GIP032', 10, 1000),
('ID1643591231', 'GIP035', 25, 1000),
('ID1643591231', 'GIP036', 25, 1000),
('ID1643591231', 'GIP037', 2, 1000),
('ID1643591231', 'GIP038', 2, 1000),
('ID1643591231', 'GIP042', 3, 1000),
('ID1643591231', 'GIP056', 10, 1000),
('ID1643591231', 'GIP065', 2, 90000),
('ID1643595303', 'GIP028', 30, 1000),
('ID1643595303', 'GIP036', 50, 1000),
('ID1643595303', 'GIP056', 5, 1000),
('ID1643772020', 'GIP022', 3, 1000),
('ID1643772020', 'GIP025', 4, 1000),
('ID1643772020', 'GIP026', 1, 1000),
('ID1643847047', 'GIP056', 8, 1000),
('ID1643847047', 'GIP065', 5, 90000),
('ID1643847047', 'GIP003', 1, 1000),
('ID1643847047', 'GIP034', 50, 27000),
('ID1643847047', 'GIP028', 20, 1000),
('ID1643848633', 'GIP028', 10, 1000),
('ID1643853900', 'GIP026', 1, 1000),
('ID1643852270', 'GIP046', 1, 1000),
('ID1643852270', 'GIP045', 1, 1000),
('ID1643933522', 'GIP065', 10, 90000),
('ID1643933522', 'GIP056', 8, 1000),
('ID1643935318', 'GIP020', 12, 1000),
('ID1643935318', 'GIP028', 20, 1000),
('ID1643935318', 'GIP065', 5, 90000),
('ID1643935318', 'GIP056', 5, 1000),
('ID1643935318', 'GIP037', 2, 1000),
('ID1643935318', 'GIP030', 6, 1000),
('ID1644196899', 'GIP065', 6, 90000),
('ID1644196899', 'GIP028', 25, 1000),
('ID1644196899', 'GIP029', 15, 1000),
('ID1644196899', 'GIP021', 10, 1000),
('ID1644196899', 'GIP032', 16, 1000),
('ID1644196899', 'GIP042', 4, 1000),
('ID1644196899', 'GIP043', 1, 1000),
('ID1644196580', 'GIP065', 6, 90000),
('ID1644196580', 'GIP028', 25, 1000),
('ID1644196580', 'GIP029', 15, 1000),
('ID1644196580', 'GIP021', 10, 1000),
('ID1644196580', 'GIP066', 4, 10000),
('ID1644366905', 'GIP020', 10, 1000),
('ID1644366905', 'GIP019', 3, 1000),
('ID1644366905', 'GIP030', 5, 1000),
('ID1644366905', 'GIP031', 2, 1000),
('ID1644367798', 'GIP034', 75, 27000),
('ID1644367798', 'GIP035', 25, 1000),
('ID1644367798', 'GIP065', 6, 90000),
('ID1644367798', 'GIP056', 8, 1000),
('ID1644367798', 'GIP020', 10, 1000),
('ID1644366644', 'GIP036', 50, 1000),
('ID1644366644', 'GIP028', 10, 1000),
('ID1644366644', 'GIP020', 10, 1000),
('ID1644366644', 'GIP001', 3, 18750),
('ID1644366644', 'GIP038', 2, 1000),
('ID1644366644', 'GIP065', 6, 90000),
('ID1644366644', 'GIP056', 3, 1000),
('ID1644366644', 'GIP031', 2, 1000),
('ID1644366644', 'GIP030', 6, 1000),
('ID1644368467', 'GIP044', 1, 1000),
('ID1644467148', 'GIP025', 3, 1000),
('ID1644467148', 'GIP022', 3, 1000),
('ID1644467148', 'GIP023', 1, 1000),
('ID1644467148', 'GIP024', 1, 1000),
('ID1644467148', 'GIP026', 2, 1000),
('ID1644467148', 'GIP027', 1, 1000),
('ID1644539512', 'GIP010', 5, 1000),
('ID1644539545', 'GIP026', 1, 1000),
('ID1644540759', 'GIP065', 5, 90000),
('ID1644538520', 'GIP036', 25, 1000),
('ID1644538520', 'GIP034', 25, 27000),
('ID1644538520', 'GIP065', 3, 90000),
('ID1644538520', 'GIP021', 9, 1000),
('ID1644538520', 'GIP029', 10, 1000),
('ID1644538520', 'GIP042', 2, 1000),
('ID1644538520', 'GIP010', 3, 1000),
('ID1644538520', 'GIP017', 1, 1000),
('ID1644538440', 'GIP020', 10, 1000),
('ID1644538440', 'GIP028', 20, 1000),
('ID1644538440', 'GIP036', 50, 1000),
('ID1644538440', 'GIP056', 4, 1000),
('ID1644538440', 'GIP065', 6, 90000),
('ID1644538440', 'GIP030', 8, 1000),
('ID1644733976', 'GIP029', 10, 1000),
('ID1644733976', 'GIP032', 20, 1000),
('ID1644733976', 'GIP065', 10, 90000),
('ID1644733976', 'GIP020', 20, 1000),
('ID1644733976', 'GIP028', 20, 1000),
('ID1644733976', 'GIP030', 10, 1000),
('ID1644733976', 'GIP021', 10, 1000),
('ID1644733976', 'GIP034', 25, 27000),
('ID1644733976', 'GIP056', 10, 1000),
('ID1644801796', 'GIP034', 50, 27000),
('ID1644801796', 'GIP028', 10, 1000),
('ID1644801796', 'GIP065', 3, 90000),
('ID1644801821', 'GIP010', 1, 1000),
('ID1644801821', 'GIP021', 12, 1000),
('ID1644801821', 'GIP022', 2, 1000),
('ID1644801821', 'GIP023', 2, 1000),
('ID1644801821', 'GIP032', 12, 1000),
('ID1644801821', 'GIP056', 5, 1000),
('ID1644801821', 'GIP065', 7, 90000),
('ID1644801821', 'GIP029', 15, 1000),
('ID1644801821', 'GIP028', 10, 1000),
('ID1644802078', 'GIP034', 75, 27000),
('ID1644802078', 'GIP065', 10, 90000),
('ID1644802078', 'GIP028', 10, 1000),
('ID1644802078', 'GIP003', 1, 1000),
('ID1644802078', 'GIP056', 10, 1000),
('ID1644802078', 'GIP036', 25, 1000),
('ID1644810572', 'GIP014', 1, 1000),
('ID1644817026', 'GIP001', 1, 18750),
('ID1644884022', 'GIP046', 1, 1000),
('ID1644893347', 'GIP040', 1, 1000),
('ID1644893531', 'GIP028', 10, 1000),
('ID1644893531', 'GIP065', 5, 90000),
('ID1644893531', 'GIP036', 25, 1000),
('ID1644893531', 'GIP030', 5, 1000),
('ID1644893531', 'GIP056', 8, 1000),
('ID1644980006', 'GIP028', 20, 1000),
('ID1644980006', 'GIP036', 25, 1000),
('ID1644982332', 'GIP037', 1, 1000),
('ID1645080750', 'GIP028', 10, 1000),
('ID1645080750', 'GIP056', 8, 1000),
('ID1645080750', 'GIP065', 10, 90000),
('ID1645143897', 'GIP067', 43, 40000),
('ID1645143929', 'GIP065', 3, 90000),
('ID1645144428', 'GIP065', 3, 90000),
('ID1645144428', 'GIP034', 2, 27000),
('ID1645144956', 'GIP065', 10, 90000),
('ID1645144956', 'GIP028', 25, 1000),
('ID1645144956', 'GIP056', 8, 1000),
('ID1645144956', 'GIP036', 50, 1000),
('ID1645146239', 'GIP065', 7, 90000),
('ID1645146239', 'GIP034', 50, 27000),
('ID1645146239', 'GIP056', 16, 1000),
('ID1645146239', 'GIP028', 25, 1000),
('ID1645403767', 'GIP010', 5, 1000),
('ID1645404230', 'GIP065', 5, 90000),
('ID1645404230', 'GIP036', 50, 1000),
('ID1645404230', 'GIP028', 20, 1000),
('ID1645404230', 'GIP020', 10, 1000),
('ID1645404230', 'GIP019', 10, 1000),
('ID1645415171', 'GIP034', 25, 27000),
('ID1645415171', 'GIP065', 5, 90000),
('ID1645491180', 'GIP022', 2, 1000),
('ID1645493170', 'GIP065', 2, 90000),
('ID1645493170', 'GIP056', 8, 1000),
('ID1645493170', 'GIP028', 25, 1000),
('ID1645493170', 'GIP030', 8, 1000),
('ID1645493170', 'GIP034', 25, 27000),
('ID1645493170', 'GIP020', 10, 1000),
('ID1645496269', 'GIP029', 11, 1000),
('ID1645496269', 'GIP043', 2, 1000),
('ID1645496269', 'GIP042', 2, 1000),
('ID1645496269', 'GIP028', 10, 1000),
('ID1645498168', 'GIP017', 2, 1000),
('ID1645503385', 'GIP046', 2, 1000),
('ID1645503385', 'GIP047', 1, 1000),
('ID1645503385', 'GIP048', 1, 1000),
('ID1645503385', 'GIP049', 1, 1000),
('ID1645586266', 'GIP001', 1, 18750),
('ID1645602418', 'GIP003', 1, 1000),
('ID1645661971', 'GIP034', 25, 27000),
('ID1645661971', 'GIP065', 7, 90000),
('ID1645661620', 'GIP038', 5, 1000),
('ID1645661620', 'GIP065', 8, 90000),
('ID1645661620', 'GIP036', 50, 1000),
('ID1645661620', 'GIP028', 10, 1000),
('ID1645682981', 'GIP017', 1, 1000),
('ID1645749032', 'GIP001', 2, 18750),
('ID1645404548', 'GIP029', 8, 1000),
('ID1645404548', 'GIP034', 50, 27000),
('ID1645404548', 'GIP036', 50, 1000),
('ID1645404548', 'GIP028', 15, 1000),
('ID1645404548', 'GIP065', 8, 90000),
('ID1645404548', 'GIP037', 1, 1000),
('ID1645404548', 'GIP014', 1, 1000),
('ID1645749033', 'GIP065', 12, 90000),
('ID1645749033', 'GIP029', 6, 1000),
('ID1645749033', 'GIP028', 10, 1000),
('ID1645749033', 'GIP056', 8, 1000),
('ID1645749033', 'GIP037', 1, 1000),
('ID1645749033', 'GIP034', 75, 27000),
('ID1645749033', 'GIP021', 8, 1000),
('ID1645750425', 'GIP065', 7, 90000),
('ID1645750425', 'GIP056', 8, 1000),
('ID1645750425', 'GIP034', 25, 27000),
('ID1645755563', 'GIP029', 15, 1000),
('ID1645755563', 'GIP042', 3, 1000),
('ID1645755563', 'GIP021', 21, 1000),
('ID1645755563', 'GIP022', 10, 1000),
('ID1645755795', 'GIP036', 25, 1000),
('ID1645755795', 'GIP030', 5, 1000),
('ID1645755795', 'GIP028', 10, 1000),
('ID1645755795', 'GIP065', 4, 90000),
('ID1646095483', 'GIP034', 50, 27000),
('ID1646095483', 'GIP056', 8, 1000),
('ID1646095483', 'GIP028', 10, 1000),
('ID1646096603', 'GIP022', 3, 1000),
('ID1646096603', 'GIP023', 1, 1000),
('ID1646096603', 'GIP024', 1, 1000),
('ID1646096603', 'GIP027', 1, 1000),
('ID1646096603', 'GIP025', 10, 1000),
('ID1646096603', 'GIP026', 1, 1000),
('ID1646103288', 'GIP037', 1, 1000),
('ID1646103443', 'GIP037', 1, 1000),
('ID1646112068', 'GIP029', 1, 1000),
('ID1646112068', 'GIP042', 1, 1000),
('ID1646115732', 'GIP039', 1, 1000),
('ID1646181130', 'GIP065', 5, 90000),
('ID1646183350', 'GIP022', 4, 1000),
('ID1646183350', 'GIP024', 2, 1000),
('ID1646183350', 'GIP023', 2, 1000),
('ID1646183350', 'GIP027', 2, 1000),
('ID1646205469', 'GIP044', 1, 1000),
('ID1646353718', 'GIP029', 10, 1000),
('ID1646353718', 'GIP028', 20, 1000),
('ID1646353718', 'GIP042', 3, 1000),
('ID1646353718', 'GIP043', 4, 1000),
('ID1646353924', 'GIP003', 1, 1000),
('ID1646353924', 'GIP028', 20, 1000),
('ID1646353924', 'GIP034', 25, 27000),
('ID1646353924', 'GIP036', 25, 1000),
('ID1646353924', 'GIP065', 5, 90000),
('ID1646353924', 'GIP056', 8, 1000),
('ID1646377704', 'GIP020', 10, 1000),
('ID1646377704', 'GIP068', 55, 50000),
('ID1646377704', 'GIP067', 51, 40000),
('ID1646377704', 'GIP030', 6, 1000),
('ID1646473676', 'GIP034', 25, 27000),
('ID1646612496', 'GIP034', 50, 27000),
('ID1646612496', 'GIP065', 5, 90000),
('ID1646612496', 'GIP020', 10, 1000),
('ID1646612496', 'GIP037', 2, 1000),
('ID1646612044', 'GIP030', 6, 1000),
('ID1646612044', 'GIP036', 50, 1000),
('ID1646612044', 'GIP020', 10, 1000),
('ID1646612044', 'GIP028', 20, 1000),
('ID1646612044', 'GIP065', 15, 90000),
('ID1646612044', 'GIP056', 4, 1000),
('ID1646612329', 'GIP030', 6, 1000),
('ID1646612329', 'GIP034', 50, 27000),
('ID1646612329', 'GIP020', 10, 1000),
('ID1646612329', 'GIP065', 15, 90000),
('ID1646612329', 'GIP028', 10, 1000),
('ID1646612329', 'GIP056', 8, 1000),
('ID1646612329', 'GIP023', 8, 1000),
('ID1646612329', 'GIP025', 10, 1000),
('ID1646612329', 'GIP027', 5, 1000),
('ID1646612329', 'GIP024', 5, 1000),
('ID1646612329', 'GIP022', 5, 1000),
('ID1646616285', 'GIP068', 15, 50000),
('ID1646616285', 'GIP028', 20, 1000),
('ID1646616285', 'GIP034', 50, 27000),
('ID1646616285', 'GIP037', 1, 1000),
('ID1646616285', 'GIP021', 12, 1000),
('ID1646616285', 'GIP017', 1, 1000),
('ID1646622149', 'GIP029', 6, 1000),
('ID1646622149', 'GIP021', 12, 1000),
('ID1646622149', 'GIP032', 21, 1000),
('ID1646622149', 'GIP065', 5, 90000),
('ID1646622149', 'GIP056', 4, 1000),
('ID1646699919', 'GIP025', 3, 1000),
('ID1646725874', 'GIP034', 125, 27000),
('ID1646785998', 'GIP036', 50, 1000),
('ID1646785998', 'GIP065', 7, 90000),
('ID1646785998', 'GIP020', 10, 1000),
('ID1646785998', 'GIP030', 6, 1000),
('ID1646809850', 'GIP038', 1, 1000),
('ID1646809850', 'GIP003', 1, 1000),
('ID1646875943', 'GIP003', 1, 1000),
('ID1646958486', 'GIP029', 12, 1000),
('ID1646958486', 'GIP056', 8, 1000),
('ID1646958486', 'GIP020', 10, 1000),
('ID1646958486', 'GIP034', 50, 27000),
('ID1646958486', 'GIP036', 25, 1000),
('ID1646958486', 'GIP028', 10, 1000),
('ID1646958486', 'GIP037', 1, 1000),
('ID1646959999', 'GIP014', 2, 1000),
('ID1646961400', 'GIP056', 16, 1000),
('ID1646961400', 'GIP034', 75, 27000),
('ID1646961400', 'GIP003', 1, 1000),
('ID1646961400', 'GIP037', 1, 1000),
('ID1646961400', 'GIP065', 15, 90000),
('ID1646958823', 'GIP036', 50, 1000),
('ID1646958823', 'GIP065', 7, 90000),
('ID1646958823', 'GIP028', 20, 1000),
('ID1646958823', 'GIP020', 10, 1000),
('ID1646958823', 'GIP056', 8, 1000),
('ID1647214570', 'GIP029', 5, 1000),
('ID1647214570', 'GIP032', 6, 1000),
('ID1647214570', 'GIP021', 12, 1000),
('ID1647225167', 'GIP017', 1, 1000),
('ID1647225167', 'GIP029', 15, 1000),
('ID1647225167', 'GIP021', 22, 1000),
('ID1647225167', 'GIP065', 3, 90000),
('ID1647389578', 'GIP067', 50, 40000),
('ID1647389578', 'GIP068', 50, 50000),
('ID1647393594', 'GIP019', 10, 1000),
('ID1647426246', 'GIP028', 10, 1000),
('ID1647426246', 'GIP056', 5, 1000),
('ID1647426246', 'GIP020', 10, 1000),
('ID1647426246', 'GIP034', 25, 27000),
('ID1647474058', 'GIP022', 1, 1000),
('ID1647474058', 'GIP023', 1, 1000),
('ID1647474058', 'GIP024', 1, 1000),
('ID1647474058', 'GIP025', 1, 1000),
('ID1647474058', 'GIP027', 1, 1000),
('ID1647474058', 'GIP026', 1, 1000),
('ID1647475796', 'GIP028', 10, 1000),
('ID1647475796', 'GIP065', 5, 90000),
('ID1647475796', 'GIP056', 8, 1000),
('ID1647475796', 'GIP036', 25, 1000),
('ID1647478441', 'GIP001', 5, 18750),
('ID1647478441', 'GIP039', 5, 1000),
('ID1647482740', 'GIP034', 50, 27000),
('ID1647482740', 'GIP065', 10, 90000),
('ID1647482740', 'GIP028', 20, 1000),
('ID1647482740', 'GIP056', 8, 1000),
('ID1647482740', 'GIP020', 10, 1000),
('ID1647482740', 'GIP030', 6, 1000),
('ID1647555035', 'GIP036', 75, 1000),
('ID1647555035', 'GIP029', 9, 1000),
('ID1647555035', 'GIP028', 10, 1000),
('ID1647555035', 'GIP020', 10, 1000),
('ID1647555035', 'GIP034', 50, 27000),
('ID1647564430', 'GIP029', 15, 1000),
('ID1647564430', 'GIP017', 2, 1000),
('ID1647564430', 'GIP028', 10, 1000),
('ID1647564094', 'GIP028', 20, 1000),
('ID1647564094', 'GIP036', 25, 1000),
('ID1647563974', 'GIP056', 5, 1000),
('ID1647563974', 'GIP065', 5, 90000),
('ID1647563974', 'GIP001', 3, 18750),
('ID1647563974', 'GIP034', 25, 27000),
('ID1647570191', 'GIP022', 6, 1000),
('ID1647570191', 'GIP024', 1, 1000),
('ID1647570191', 'GIP025', 1, 1000),
('ID1647570191', 'GIP027', 1, 1000),
('ID1647569751', 'GIP022', 5, 1000),
('ID1647569751', 'GIP024', 3, 1000),
('ID1647569751', 'GIP027', 5, 1000),
('ID1647569751', 'GIP025', 5, 1000),
('ID1647569751', 'GIP026', 2, 1000),
('ID1647569751', 'GIP023', 5, 1000),
('ID1647823951', 'GIP065', 10, 90000),
('ID1647823951', 'GIP034', 25, 27000),
('ID1647823951', 'GIP056', 6, 1000),
('ID1647823498', 'GIP036', 10, 1000),
('ID1647823498', 'GIP065', 10, 90000),
('ID1647823498', 'GIP028', 10, 1000),
('ID1647823498', 'GIP056', 5, 1000),
('ID1647828134', 'GIP065', 3, 90000),
('ID1647828134', 'GIP029', 10, 1000),
('ID1647828134', 'GIP042', 3, 1000),
('ID1647828134', 'GIP021', 15, 1000),
('ID1647828134', 'GIP066', 2, 10000),
('ID1647831573', 'GIP025', 5, 1000),
('ID1647831573', 'GIP023', 2, 1000),
('ID1647831573', 'GIP022', 4, 1000),
('ID1647831573', 'GIP027', 2, 1000),
('ID1647831573', 'GIP026', 2, 1000),
('ID1647823590', 'GIP030', 6, 1000),
('ID1647823590', 'GIP019', 2, 1000),
('ID1647823590', 'GIP029', 4, 1000),
('ID1647823590', 'GIP021', 3, 1000),
('ID1647823590', 'GIP032', 4, 1000),
('ID1647823590', 'GIP020', 10, 1000),
('ID1647823590', 'GIP056', 3, 1000),
('ID1647823590', 'GIP010', 3, 1000),
('ID1647823590', 'GIP017', 1, 1000),
('ID1647823590', 'GIP028', 10, 1000),
('ID1647823590', 'GIP066', 8, 10000),
('ID1647823590', 'GIP041', 1, 1000),
('ID1647935891', 'GIP068', 29, 50000),
('ID1647998888', 'GIP028', 10, 1000),
('ID1647998888', 'GIP065', 10, 90000),
('ID1647998888', 'GIP036', 50, 1000),
('ID1647998888', 'GIP056', 7, 1000),
('ID1647998888', 'GIP020', 10, 1000),
('ID1647998888', 'GIP019', 10, 1000),
('ID1647998888', 'GIP030', 10, 1000),
('ID1648003697', 'GIP046', 1, 1000),
('ID1648003697', 'GIP047', 1, 1000),
('ID1648003697', 'GIP049', 1, 1000),
('ID1648003697', 'GIP048', 1, 1000),
('ID1648050299', 'GIP003', 1, 1000),
('ID1648050299', 'GIP056', 9, 1000),
('ID1648050299', 'GIP020', 10, 1000),
('ID1648050299', 'GIP065', 10, 90000),
('ID1648093592', 'GIP028', 10, 1000),
('ID1648093592', 'GIP029', 10, 1000),
('ID1648108873', 'GIP034', 25, 27000),
('ID1648134597', 'GIP034', 100, 27000),
('ID1648168038', 'GIP047', 1, 1000),
('ID1648168038', 'GIP049', 1, 1000),
('ID1648168281', 'GIP029', 9, 1000),
('ID1648168281', 'GIP022', 5, 1000),
('ID1648168281', 'GIP056', 4, 1000),
('ID1648168281', 'GIP028', 10, 1000),
('ID1648168281', 'GIP034', 25, 27000),
('ID1648168459', 'GIP065', 10, 90000),
('ID1648168459', 'GIP036', 50, 1000),
('ID1648168459', 'GIP028', 20, 1000),
('ID1648168459', 'GIP056', 5, 1000),
('ID1648169296', 'GIP032', 32, 1000),
('ID1648169296', 'GIP010', 5, 1000),
('ID1648176066', 'GIP065', 10, 90000),
('ID1648186740', 'GIP044', 1, 1000),
('ID1648188205', 'GIP046', 4, 1000),
('ID1648189668', 'GIP064', 4, 1000),
('ID1648427865', 'GIP056', 8, 1000),
('ID1648427865', 'GIP065', 10, 90000),
('ID1648427928', 'GIP028', 20, 1000),
('ID1648427928', 'GIP036', 50, 1000),
('ID1648427928', 'GIP030', 6, 1000),
('ID1648427626', 'GIP029', 3, 1000),
('ID1648427626', 'GIP034', 50, 27000),
('ID1648427626', 'GIP065', 6, 90000),
('ID1648427626', 'GIP021', 6, 1000),
('ID1648529130', 'GIP025', 3, 1000),
('ID1648529130', 'GIP022', 3, 1000),
('ID1648600244', 'GIP029', 10, 1000),
('ID1648600244', 'GIP065', 5, 90000),
('ID1648600244', 'GIP021', 6, 1000),
('ID1648600969', 'GIP038', 2, 1000),
('ID1648600745', 'GIP003', 1, 1000),
('ID1648600745', 'GIP056', 8, 1000),
('ID1648600745', 'GIP020', 10, 1000),
('ID1648600745', 'GIP034', 100, 27000),
('ID1648600745', 'GIP065', 6, 90000),
('ID1648600745', 'GIP028', 10, 1000),
('ID1648624035', 'GIP003', 1, 1000),
('ID1648686189', 'GIP029', 9, 1000),
('ID1648686189', 'GIP036', 25, 1000),
('ID1648686189', 'GIP017', 1, 1000),
('ID1648693445', 'GIP037', 2, 1000),
('ID1648697576', 'GIP037', 1, 1000),
('ID1648773653', 'GIP028', 10, 1000),
('ID1648773653', 'GIP029', 3, 1000),
('ID1648773653', 'GIP020', 10, 1000),
('ID1648773653', 'GIP019', 5, 1000),
('ID1648773653', 'GIP065', 3, 90000),
('ID1648773653', 'GIP032', 5, 1000),
('ID1649031925', 'GIP065', 15, 90000),
('ID1649031925', 'GIP036', 50, 1000),
('ID1649031925', 'GIP020', 20, 1000),
('ID1649031925', 'GIP030', 20, 1000),
('ID1649031925', 'GIP028', 20, 1000),
('ID1649032449', 'GIP034', 25, 27000),
('ID1649032449', 'GIP056', 16, 1000),
('ID1649032449', 'GIP065', 17, 90000),
('ID1649032449', 'GIP001', 2, 18750),
('ID1649032805', 'GIP028', 10, 1000),
('ID1649032805', 'GIP017', 1, 1000),
('ID1649032805', 'GIP029', 5, 1000),
('ID1649032162', 'GIP028', 20, 1000),
('ID1649032162', 'GIP056', 3, 1000),
('ID1649032162', 'GIP022', 2, 1000),
('ID1649032162', 'GIP025', 4, 1000),
('ID1649032162', 'GIP029', 5, 1000),
('ID1649032162', 'GIP010', 2, 1000),
('ID1649032162', 'GIP043', 3, 1000),
('ID1649032162', 'GIP017', 1, 1000),
('ID1649032162', 'GIP065', 10, 90000),
('ID1649032162', 'GIP030', 5, 1000),
('ID1649032162', 'GIP031', 5, 1000),
('ID1649032162', 'GIP036', 50, 1000),
('ID1649032162', 'GIP034', 50, 27000),
('ID1649119252', 'GIP001', 3, 18750),
('ID1649119501', 'GIP046', 1, 1000),
('ID1649292792', 'GIP013', 6, 1000),
('ID1649292792', 'GIP016', 5, 1000),
('ID1649292792', 'GIP015', 4, 1000),
('ID1649292792', 'GIP018', 4, 1000),
('ID1649291920', 'GIP048', 15, 90000),
('ID1649291920', 'GIP026', 100, 1000),
('ID1649291920', 'GIP019', 30, 1000),
('ID1649291920', 'GIP043', 8, 1000),
('ID1649291920', 'GIP010', 10, 1000);
INSERT INTO `tbl_detail_penjualan` (`id_penjualan`, `id_barang`, `qty`, `harga`) VALUES
('ID1649291920', 'GIP011', 10, 1000),
('ID1649291920', 'GIP022', 5, 1000),
('ID1649305518', 'GIP027', 3, 1000),
('ID1649378301', 'GIP008', 1, 1000),
('ID1649378301', 'GIP020', 9, 1000),
('ID1649383884', 'GIP043', 16, 1000),
('ID1649389970', 'GIP021', 6, 1000),
('ID1649389970', 'GIP026', 50, 1000),
('ID1649389970', 'GIP024', 50, 27000),
('ID1649389970', 'GIP048', 10, 90000),
('ID1649389970', 'GIP011', 10, 1000),
('ID1649389970', 'GIP043', 8, 1000),
('ID1649389970', 'GIP019', 20, 1000),
('ID1649400320', 'GIP048', 12, 90000),
('ID1649400320', 'GIP020', 9, 1000),
('ID1649400320', 'GIP012', 12, 1000),
('ID1649400320', 'GIP011', 10, 1000),
('ID1649635833', 'GIP020', 11, 1000),
('ID1649635833', 'GIP012', 24, 1000),
('ID1649636989', 'GIP024', 50, 27000),
('ID1649636989', 'GIP019', 10, 1000),
('ID1649636989', 'GIP048', 10, 90000),
('ID1649636989', 'GIP025', 25, 1000),
('ID1649636989', 'GIP043', 8, 1000),
('ID1649636989', 'GIP003', 1, 1000),
('ID1649637974', 'GIP046', 2, 1000),
('ID1649628680', 'GIP019', 20, 1000),
('ID1649628680', 'GIP024', 75, 27000),
('ID1649628680', 'GIP026', 75, 1000),
('ID1649628680', 'GIP021', 6, 1000),
('ID1649628680', 'GIP023', 5, 1000),
('ID1649628680', 'GIP027', 1, 1000),
('ID1649628680', 'GIP006', 3, 1000),
('ID1649628680', 'GIP048', 10, 90000),
('ID1649638425', 'GIP016', 3, 1000),
('ID1649638425', 'GIP017', 2, 1000),
('ID1649639607', 'GIP013', 2, 1000),
('ID1649639607', 'GIP014', 1, 1000),
('ID1649639607', 'GIP015', 1, 1000),
('ID1649639607', 'GIP016', 6, 1000),
('ID1649639607', 'GIP017', 1, 1000),
('ID1649639607', 'GIP018', 1, 1000),
('ID1649661076', 'GIP013', 5, 1000),
('ID1649720930', 'GIP001', 1, 18750),
('ID1649808441', 'GIP035', 1, 1000),
('ID1649896892', 'GIP012', 8, 1000),
('ID1649896892', 'GIP023', 32, 1000),
('ID1649896892', 'GIP020', 9, 1000),
('ID1649896892', 'GIP032', 1, 1000),
('ID1649896892', 'GIP016', 3, 1000),
('ID1649896892', 'GIP015', 3, 1000),
('ID1649893112', 'GIP020', 9, 1000),
('ID1649893112', 'GIP011', 10, 1000),
('ID1649893112', 'GIP048', 5, 90000),
('ID1649893112', 'GIP043', 8, 1000),
('ID1649893112', 'GIP024', 25, 27000),
('ID1649893112', 'GIP026', 25, 1000),
('ID1649893112', 'GIP019', 10, 1000),
('ID1649900808', 'GIP001', 5, 18750),
('ID1649900808', 'GIP011', 10, 1000),
('ID1649900808', 'GIP019', 10, 1000),
('ID1649900808', 'GIP026', 25, 1000),
('ID1649900808', 'GIP021', 12, 1000),
('ID1649900808', 'GIP048', 10, 90000),
('ID1649900808', 'GIP043', 8, 1000),
('ID1649905527', 'GIP024', 50, 27000),
('ID1649905527', 'GIP019', 10, 1000),
('ID1649905527', 'GIP048', 6, 90000),
('ID1649905527', 'GIP043', 8, 1000),
('ID1649905527', 'GIP027', 1, 1000),
('ID1650240775', 'GIP019', 10, 1000),
('ID1650240775', 'GIP033', 5, 1000),
('ID1650242817', 'GIP049', 10, 10000),
('ID1650242817', 'GIP024', 75, 27000),
('ID1650242817', 'GIP026', 75, 1000),
('ID1650242817', 'GIP028', 5, 1000),
('ID1650242817', 'GIP006', 2, 1000),
('ID1650242817', 'GIP021', 6, 1000),
('ID1650242817', 'GIP023', 5, 1000),
('ID1650242817', 'GIP012', 5, 1000),
('ID1650242817', 'GIP003', 1, 1000),
('ID1650248631', 'GIP024', 25, 27000),
('ID1650248631', 'GIP043', 6, 1000),
('ID1650248631', 'GIP048', 10, 90000),
('ID1650248631', 'GIP003', 1, 1000),
('ID1650263953', 'GIP051', 33, 50000),
('ID1650327696', 'GIP019', 10, 1000),
('ID1650327696', 'GIP048', 10, 90000),
('ID1650327696', 'GIP043', 10, 1000),
('ID1650327696', 'GIP001', 5, 18750),
('ID1650327696', 'GIP026', 50, 1000),
('ID1650327696', 'GIP024', 20, 27000),
('ID1650327696', 'GIP025', 20, 1000),
('ID1650327696', 'GIP028', 1, 1000),
('ID1650328128', 'GIP016', 5, 1000),
('ID1650328349', 'GIP013', 3, 1000),
('ID1650328349', 'GIP016', 3, 1000),
('ID1650328349', 'GIP050', 7, 40000),
('ID1650328349', 'GIP017', 1, 1000),
('ID1650327788', 'GIP048', 6, 90000),
('ID1650327788', 'GIP043', 6, 1000),
('ID1650327788', 'GIP011', 10, 1000),
('ID1650327788', 'GIP021', 6, 1000),
('ID1650329105', 'GIP048', 1, 90000),
('ID1650329489', 'GIP013', 4, 1000),
('ID1650329489', 'GIP014', 2, 1000),
('ID1650329489', 'GIP015', 2, 1000),
('ID1650329489', 'GIP016', 2, 1000),
('ID1650329489', 'GIP018', 2, 1000),
('ID1650331213', 'GIP006', 5, 1000),
('ID1650341672', 'GIP041', 1, 1000),
('ID1650413575', 'GIP008', 1, 1000),
('ID1650413575', 'GIP020', 6, 1000),
('ID1650413575', 'GIP048', 10, 90000),
('ID1650499785', 'GIP019', 10, 1000),
('ID1650500266', 'GIP038', 1, 1000),
('ID1650487209', 'GIP024', 25, 27000),
('ID1650500980', 'GIP036', 1, 1000),
('ID1650500218', 'GIP043', 5, 1000),
('ID1650500218', 'GIP012', 20, 1000),
('ID1650500218', 'GIP020', 10, 1000),
('ID1650500218', 'GIP048', 6, 90000),
('ID1650500218', 'GIP032', 5, 1000),
('ID1650500218', 'GIP008', 1, 1000),
('ID1650504416', 'GIP011', 10, 1000),
('ID1650587084', 'GIP043', 8, 1000),
('ID1650587084', 'GIP048', 10, 90000),
('ID1650587084', 'GIP024', 50, 27000),
('ID1650587084', 'GIP019', 10, 1000),
('ID1650587084', 'GIP011', 8, 1000),
('ID1650587846', 'GIP026', 50, 1000),
('ID1650587846', 'GIP019', 10, 1000),
('ID1650587846', 'GIP048', 7, 90000),
('ID1650587846', 'GIP043', 3, 1000),
('ID1650845696', 'GIP012', 5, 1000),
('ID1650845696', 'GIP020', 20, 1000),
('ID1650845696', 'GIP019', 1, 1000),
('ID1650845696', 'GIP043', 2, 1000),
('ID1650845696', 'GIP006', 1, 1000),
('ID1650845696', 'GIP014', 3, 1000),
('ID1650845696', 'GIP016', 5, 1000),
('ID1650845696', 'GIP015', 2, 1000),
('ID1650845696', 'GIP013', 8, 1000),
('ID1650845696', 'GIP018', 6, 1000),
('ID1650845696', 'GIP008', 2, 1000),
('ID1650846319', 'GIP048', 10, 90000),
('ID1650846319', 'GIP011', 10, 1000),
('ID1650846319', 'GIP021', 10, 1000),
('ID1650846319', 'GIP024', 25, 27000),
('ID1650845605', 'GIP026', 50, 1000),
('ID1650845605', 'GIP010', 20, 1000),
('ID1650845605', 'GIP011', 20, 1000),
('ID1650845605', 'GIP048', 10, 90000),
('ID1650845605', 'GIP019', 39, 1000),
('ID1650845605', 'GIP021', 10, 1000),
('ID1650845605', 'GIP043', 10, 1000),
('ID1650845968', 'GIP019', 20, 1000),
('ID1650845968', 'GIP012', 5, 1000),
('ID1650845968', 'GIP023', 5, 1000),
('ID1650845968', 'GIP021', 5, 1000),
('ID1650845968', 'GIP020', 16, 1000),
('ID1650942883', 'GIP003', 1, 1000),
('ID1650942883', 'GIP024', 25, 27000),
('ID1650991017', 'GIP024', 50, 27000),
('ID1651069272', 'GIP048', 5, 90000),
('ID1651075125', 'GIP043', 2, 1000),
('ID1651109505', 'GIP026', 25, 1000),
('ID1651109505', 'GIP048', 10, 90000),
('ID1651109505', 'GIP043', 5, 1000),
('ID1651109505', 'GIP019', 40, 1000),
('ID1651109505', 'GIP027', 4, 1000),
('ID1651113034', 'GIP027', 4, 1000),
('ID1651193336', 'GIP020', 20, 1000),
('ID1651193336', 'GIP012', 20, 1000),
('ID1651193336', 'GIP048', 2, 90000),
('ID1651193336', 'GIP024', 35, 27000),
('ID1651193336', 'GIP026', 35, 1000),
('ID1651193336', 'GIP019', 10, 1000),
('ID1651193336', 'GIP007', 2, 1000),
('ID1651227822', 'GIP008', 1, 1000),
('ID1651241037', 'GIP024', 20, 27000),
('ID1652004681', 'GIP043', 16, 1000),
('ID1652004681', 'GIP019', 20, 1000),
('ID1652004681', 'GIP024', 50, 27000),
('ID1652059295', 'GIP036', 1, 1000),
('ID1652060448', 'GIP024', 50, 27000),
('ID1652060448', 'GIP026', 50, 1000),
('ID1652060448', 'GIP021', 10, 1000),
('ID1652060448', 'GIP043', 7, 1000),
('ID1652059146', 'GIP008', 1, 1000),
('ID1652059146', 'GIP006', 1, 1000),
('ID1652059146', 'GIP011', 10, 1000),
('ID1652059146', 'GIP019', 10, 1000),
('ID1652059146', 'GIP024', 25, 27000),
('ID1652059146', 'GIP026', 25, 1000),
('ID1652059146', 'GIP020', 5, 1000),
('ID1652059146', 'GIP036', 1, 1000),
('ID1652142420', 'GIP037', 1, 1000),
('ID1652142420', 'GIP036', 1, 1000),
('ID1652142420', 'GIP039', 1, 1000),
('ID1652155020', 'GIP003', 1, 1000),
('ID1652157713', 'GIP013', 1, 1000),
('ID1652157713', 'GIP017', 1, 1000),
('ID1652157713', 'GIP016', 3, 1000),
('ID1652228112', 'GIP020', 15, 1000),
('ID1652228112', 'GIP032', 10, 1000),
('ID1652229313', 'GIP043', 10, 1000),
('ID1652229313', 'GIP048', 5, 90000),
('ID1652229428', 'GIP031', 1, 1000),
('ID1652229562', 'GIP048', 10, 90000),
('ID1652229562', 'GIP043', 5, 1000),
('ID1652229562', 'GIP023', 5, 1000),
('ID1652229562', 'GIP018', 3, 1000),
('ID1652229562', 'GIP014', 3, 1000),
('ID1652229562', 'GIP020', 3, 1000),
('ID1652229562', 'GIP032', 1, 1000),
('ID1652229562', 'GIP033', 1, 1000),
('ID1652229562', 'GIP006', 1, 1000),
('ID1652229562', 'GIP008', 1, 1000),
('ID1652284779', 'GIP007', 1, 1000),
('ID1652320872', 'GIP008', 1, 1000),
('ID1652318486', 'GIP008', 1, 1000),
('ID1652318486', 'GIP012', 8, 1000),
('ID1652318486', 'GIP016', 5, 1000),
('ID1652319385', 'GIP003', 1, 1000),
('ID1652317237', 'GIP024', 75, 27000),
('ID1652317237', 'GIP043', 9, 1000),
('ID1652317237', 'GIP048', 10, 90000),
('ID1652321777', 'GIP048', 6, 90000),
('ID1652321777', 'GIP026', 50, 1000),
('ID1652321777', 'GIP043', 8, 1000),
('ID1652321777', 'GIP021', 8, 1000),
('ID1652321777', 'GIP019', 20, 1000),
('ID1652321777', 'GIP016', 4, 1000),
('ID1652401356', 'GIP019', 20, 1000),
('ID1652401356', 'GIP024', 25, 27000),
('ID1652401356', 'GIP048', 5, 90000),
('ID1652401356', 'GIP003', 1, 1000),
('ID1652401356', 'GIP043', 8, 1000),
('ID1652404072', 'GIP026', 75, 1000),
('ID1652748766', 'GIP019', 20, 1000),
('ID1652748766', 'GIP024', 50, 27000),
('ID1652748766', 'GIP026', 50, 1000),
('ID1652748766', 'GIP025', 25, 1000),
('ID1652748766', 'GIP048', 20, 90000),
('ID1652748766', 'GIP010', 10, 1000),
('ID1652748766', 'GIP011', 10, 1000),
('ID1652748766', 'GIP021', 12, 1000),
('ID1652748766', 'GIP022', 5, 1000),
('ID1652748766', 'GIP003', 1, 1000),
('ID1652748766', 'GIP043', 20, 1000),
('ID1652749886', 'GIP019', 10, 1000),
('ID1652749886', 'GIP026', 25, 1000),
('ID1652749886', 'GIP012', 25, 1000),
('ID1652749886', 'GIP033', 6, 1000),
('ID1652749886', 'GIP023', 24, 1000),
('ID1652749886', 'GIP008', 2, 1000),
('ID1652749886', 'GIP048', 5, 90000),
('ID1652749886', 'GIP020', 15, 1000),
('ID1652747650', 'GIP020', 11, 1000),
('ID1652747650', 'GIP032', 3, 1000),
('ID1652747650', 'GIP033', 8, 1000),
('ID1652747650', 'GIP015', 3, 1000),
('ID1652747650', 'GIP048', 10, 90000),
('ID1652747650', 'GIP012', 10, 1000),
('ID1652747650', 'GIP023', 4, 1000),
('ID1652747650', 'GIP019', 20, 1000),
('ID1652747650', 'GIP024', 50, 27000),
('ID1652747650', 'GIP026', 50, 1000),
('ID1652747650', 'GIP007', 1, 1000),
('ID1652747650', 'GIP043', 4, 1000),
('ID1652761786', 'GIP031', 1, 1000),
('ID1652839545', 'GIP002', 2, 32000),
('ID1652919579', 'GIP034', 1, 1000),
('ID1653006314', 'GIP019', 10, 1000),
('ID1653006314', 'GIP026', 50, 1000),
('ID1653006314', 'GIP043', 5, 1000),
('ID1653006314', 'GIP048', 10, 90000),
('ID1653006314', 'GIP024', 50, 27000),
('ID1653006314', 'GIP013', 2, 1000),
('ID1653006314', 'GIP016', 4, 1000),
('ID1653013177', 'GIP048', 10, 90000),
('ID1653013177', 'GIP011', 10, 1000),
('ID1653264237', 'GIP048', 6, 90000),
('ID1653264237', 'GIP012', 9, 1000),
('ID1653264237', 'GIP020', 15, 1000),
('ID1653264237', 'GIP023', 15, 1000),
('ID1653264237', 'GIP019', 10, 1000),
('ID1653265008', 'GIP019', 25, 1000),
('ID1653265008', 'GIP024', 25, 27000),
('ID1653265008', 'GIP043', 5, 1000),
('ID1653265008', 'GIP048', 10, 90000),
('ID1653265008', 'GIP016', 6, 1000),
('ID1653265365', 'GIP036', 1, 1000),
('ID1653265571', 'GIP026', 50, 1000),
('ID1653265571', 'GIP048', 10, 90000),
('ID1653265571', 'GIP021', 10, 1000),
('ID1653265571', 'GIP043', 8, 1000),
('ID1653265571', 'GIP011', 10, 1000),
('ID1653265571', 'GIP016', 4, 1000),
('ID1653265571', 'GIP018', 1, 1000),
('ID1653265571', 'GIP019', 20, 1000),
('ID1653265571', 'GIP028', 2, 1000),
('ID1653264407', 'GIP048', 8, 90000),
('ID1653264407', 'GIP020', 10, 1000),
('ID1653264407', 'GIP043', 3, 1000),
('ID1653264407', 'GIP011', 10, 1000),
('ID1653264407', 'GIP008', 2, 1000),
('ID1653264407', 'GIP019', 20, 1000),
('ID1653264407', 'GIP024', 25, 27000),
('ID1653264407', 'GIP026', 25, 1000),
('ID1653358068', 'GIP038', 1, 1000),
('ID1653358109', 'GIP036', 1, 1000),
('ID1653382504', 'GIP042', 7, 1000),
('ID1653382504', 'GIP052', 10, 250000),
('ID1653439885', 'GIP048', 10, 90000),
('ID1653439885', 'GIP043', 10, 1000),
('ID1653439885', 'GIP024', 50, 27000),
('ID1653439885', 'GIP011', 10, 1000),
('ID1653610953', 'GIP048', 10, 90000),
('ID1653610953', 'GIP019', 20, 1000),
('ID1653610953', 'GIP026', 50, 1000),
('ID1653610953', 'GIP043', 5, 1000),
('ID1653611883', 'GIP024', 50, 27000),
('ID1653611883', 'GIP012', 10, 1000),
('ID1653611883', 'GIP020', 6, 1000),
('ID1653611883', 'GIP026', 25, 1000),
('ID1653612032', 'GIP024', 50, 27000),
('ID1653612032', 'GIP011', 10, 1000),
('ID1653612032', 'GIP043', 6, 1000),
('ID1653612032', 'GIP048', 4, 90000),
('ID1653612032', 'GIP019', 20, 1000),
('ID1653622782', 'GIP027', 1, 1000),
('ID1653870541', 'GIP008', 1, 1000),
('ID1653870541', 'GIP020', 15, 1000),
('ID1653870541', 'GIP006', 1, 1000),
('ID1653870812', 'GIP010', 10, 1000),
('ID1653870812', 'GIP011', 10, 1000),
('ID1653870812', 'GIP021', 7, 1000),
('ID1653870812', 'GIP023', 5, 1000),
('ID1653870812', 'GIP043', 8, 1000),
('ID1653870812', 'GIP048', 10, 90000),
('ID1653870812', 'GIP020', 10, 1000),
('ID1653870812', 'GIP019', 10, 1000),
('ID1653870812', 'GIP024', 75, 27000),
('ID1653870812', 'GIP026', 75, 1000),
('ID1653870812', 'GIP049', 8, 10000),
('ID1653878155', 'GIP048', 10, 90000),
('ID1653878155', 'GIP021', 10, 1000),
('ID1653878155', 'GIP043', 6, 1000),
('ID1653878155', 'GIP019', 10, 1000),
('ID1653878155', 'GIP011', 10, 1000),
('ID1653878155', 'GIP026', 25, 1000),
('ID1653895895', 'GIP003', 1, 1000),
('ID1653895895', 'GIP048', 8, 90000),
('ID1653895895', 'GIP043', 8, 1000),
('ID1653963795', 'GIP031', 4, 1000),
('ID1653968085', 'GIP015', 54, 1000),
('ID1653968199', 'GIP014', 7, 1000),
('ID1653968199', 'GIP016', 14, 1000),
('ID1653978338', 'GIP048', 5, 90000),
('ID1653978338', 'GIP043', 8, 1000),
('ID1653978338', 'GIP024', 50, 27000),
('ID1653979747', 'GIP024', 25, 27000),
('ID1654130126', 'GIP013', 2, 1000),
('ID1654130126', 'GIP016', 2, 1000),
('ID1654130126', 'GIP018', 2, 1000),
('ID1654130126', 'GIP014', 2, 1000),
('ID1654130126', 'GIP015', 2, 1000),
('ID1654130126', 'GIP017', 1, 1000),
('ID1654130498', 'GIP013', 2, 1000),
('ID1654130498', 'GIP018', 2, 1000),
('ID1654130498', 'GIP016', 2, 1000),
('ID1654130498', 'GIP014', 2, 1000),
('ID1654130498', 'GIP015', 2, 1000),
('ID1654131642', 'GIP013', 2, 1000),
('ID1654131642', 'GIP014', 2, 1000),
('ID1654131642', 'GIP015', 2, 1000),
('ID1654131642', 'GIP016', 2, 1000),
('ID1654131642', 'GIP018', 2, 1000),
('ID1654130029', 'GIP013', 2, 1000),
('ID1654132449', 'GIP013', 2, 1000),
('ID1654132449', 'GIP014', 2, 1000),
('ID1654132449', 'GIP015', 2, 1000),
('ID1654132449', 'GIP016', 2, 1000),
('ID1654132449', 'GIP018', 2, 1000),
('ID1654132910', 'GIP048', 15, 90000),
('ID1654132910', 'GIP043', 16, 1000),
('ID1654132910', 'GIP011', 20, 1000),
('ID1654132910', 'GIP026', 50, 1000),
('ID1654132910', 'GIP021', 20, 1000),
('ID1654132910', 'GIP019', 20, 1000),
('ID1654135890', 'GIP016', 6, 1000),
('ID1654135890', 'GIP015', 3, 1000),
('ID1654135890', 'GIP018', 3, 1000),
('ID1654143745', 'GIP013', 2, 1000),
('ID1654143745', 'GIP014', 2, 1000),
('ID1654143745', 'GIP015', 2, 1000),
('ID1654143745', 'GIP018', 2, 1000),
('ID1654143745', 'GIP048', 5, 90000),
('ID1654143745', 'GIP043', 2, 1000),
('ID1654143745', 'GIP019', 10, 1000),
('ID1654143745', 'GIP033', 5, 1000),
('ID1654143745', 'GIP020', 20, 1000),
('ID1654143745', 'GIP012', 20, 1000),
('ID1654143745', 'GIP008', 1, 1000),
('ID1654144489', 'GIP032', 5, 1000),
('ID1654156608', 'GIP003', 2, 1000),
('ID1654156608', 'GIP021', 3, 1000),
('ID1654156608', 'GIP026', 25, 1000),
('ID1654156608', 'GIP029', 1, 1000),
('ID1654156608', 'GIP030', 1, 1000),
('ID1654156608', 'GIP033', 2, 1000),
('ID1654156608', 'GIP035', 3, 1000),
('ID1654156608', 'GIP040', 1, 1000),
('ID1654156608', 'GIP041', 4, 1000),
('ID1654156608', 'GIP010', 110, 1000),
('ID1654195460', 'GIP035', 1, 1000),
('ID1654217526', 'GIP013', 4, 1000),
('ID1654217526', 'GIP014', 1, 1000),
('ID1654217526', 'GIP015', 1, 1000),
('ID1654217526', 'GIP018', 1, 1000),
('ID1654217526', 'GIP016', 4, 1000),
('ID1654218486', 'GIP014', 1, 1000),
('ID1654218486', 'GIP013', 3, 1000),
('ID1654218486', 'GIP015', 1, 1000),
('ID1654218486', 'GIP016', 1, 1000),
('ID1654219471', 'GIP024', 50, 27000),
('ID1654219471', 'GIP043', 8, 1000),
('ID1654219471', 'GIP048', 10, 90000),
('ID1654219471', 'GIP021', 6, 1000),
('ID1654239694', 'GIP054', 7, 130800),
('ID1654476037', 'GIP024', 25, 27000),
('ID1654476037', 'GIP043', 10, 1000),
('ID1654476037', 'GIP048', 5, 90000),
('ID1654476037', 'GIP011', 10, 1000),
('ID1654479303', 'GIP034', 1, 1000),
('ID1654478062', 'GIP012', 10, 1000),
('ID1654478062', 'GIP023', 5, 1000),
('ID1654478062', 'GIP013', 3, 1000),
('ID1654478062', 'GIP014', 1, 1000),
('ID1654478062', 'GIP015', 1, 1000),
('ID1654478062', 'GIP016', 1, 1000),
('ID1654478062', 'GIP018', 1, 1000),
('ID1654478062', 'GIP032', 1, 1000),
('ID1654478062', 'GIP033', 3, 1000),
('ID1654478062', 'GIP020', 4, 1000),
('ID1654478062', 'GIP008', 1, 1000),
('ID1654478062', 'GIP011', 10, 1000),
('ID1654478062', 'GIP021', 6, 1000),
('ID1654478062', 'GIP048', 8, 90000),
('ID1654478062', 'GIP019', 20, 1000),
('ID1654478062', 'GIP024', 25, 27000),
('ID1654482900', 'GIP206', 1, 45000),
('ID1654482900', 'GIP207', 2, 45000),
('ID1654482900', 'GIP208', 3, 45000),
('ID1654482900', 'GIP209', 4, 45000),
('ID1654482900', 'GIP210', 6, 45000),
('ID1654484623', 'GIP003', 1, 1000),
('ID1654500462', 'GIP036', 1, 1000),
('ID1654501189', 'GIP032', 1, 1000),
('ID1654571243', 'GIP020', 3, 1000),
('ID1654571243', 'GIP008', 1, 1000),
('ID1654571243', 'GIP048', 5, 90000),
('ID1654571243', 'GIP012', 10, 1000),
('ID1654645562', 'GIP013', 3, 1000),
('ID1654647271', 'GIP048', 6, 90000),
('ID1654647271', 'GIP043', 6, 1000),
('ID1654647271', 'GIP024', 25, 27000),
('ID1654649593', 'GIP013', 1, 1000),
('ID1654649593', 'GIP016', 1, 1000),
('ID1654649593', 'GIP014', 1, 1000),
('ID1654649593', 'GIP015', 1, 1000),
('ID1654649593', 'GIP018', 1, 1000),
('ID1654649908', 'GIP013', 2, 1000),
('ID1654649908', 'GIP016', 2, 1000),
('ID1654655048', 'GIP035', 1, 1000),
('ID1654661245', 'GIP029', 2, 1000),
('ID1654682257', 'GIP210', 1, 45000),
('ID1654682257', 'GIP212', 2, 45000),
('ID1654682257', 'GIP209', 2, 45000),
('ID1654682257', 'GIP200', 4, 45000),
('ID1654682257', 'GIP201', 2, 45000),
('ID1654682257', 'GIP197', 4, 45000),
('ID1654682257', 'GIP198', 1, 45000),
('ID1654682257', 'GIP199', 4, 45000),
('ID1654682257', 'GIP196', 1, 45000),
('ID1654731630', 'GIP042', 6, 1000),
('ID1654731630', 'GIP053', 6, 64800),
('ID1654731630', 'GIP054', 6, 130800),
('ID1654732661', 'GIP036', 1, 1000),
('ID1654732661', 'GIP037', 1, 1000),
('ID1654732661', 'GIP039', 1, 1000),
('ID1654734224', 'GIP024', 50, 27000),
('ID1654734224', 'GIP026', 100, 1000),
('ID1654734224', 'GIP022', 5, 1000),
('ID1654734224', 'GIP011', 10, 1000),
('ID1654734224', 'GIP048', 10, 90000),
('ID1654734224', 'GIP043', 5, 1000),
('ID1654734224', 'GIP019', 30, 1000),
('ID1654734224', 'GIP021', 6, 1000),
('ID1654735705', 'GIP048', 12, 90000),
('ID1654735122', 'GIP020', 5, 1000),
('ID1654735122', 'GIP049', 3, 10000),
('ID1654735122', 'GIP006', 1, 1000),
('ID1654737459', 'GIP014', 2, 1000),
('ID1654737459', 'GIP018', 2, 1000),
('ID1654737459', 'GIP015', 2, 1000),
('ID1654737459', 'GIP048', 6, 90000),
('ID1654737459', 'GIP001', 3, 18750),
('ID1654751680', 'GIP020', 1, 1000),
('ID1654758436', 'GIP020', 12, 1000),
('ID1654820384', 'GIP020', 12, 1000),
('ID1654829629', 'GIP049', 1, 10000),
('ID1654883498', 'GIP006', 5, 1000),
('ID1654884167', 'GIP003', 1, 1000),
('ID1654884167', 'GIP043', 8, 1000),
('ID1654884167', 'GIP048', 5, 90000),
('ID1654884167', 'GIP019', 20, 1000),
('ID1655083638', 'GIP020', 15, 1000),
('ID1655083638', 'GIP012', 10, 1000),
('ID1655083638', 'GIP023', 10, 1000),
('ID1655083638', 'GIP013', 5, 1000),
('ID1655083638', 'GIP006', 2, 1000),
('ID1655082173', 'GIP013', 2, 1000),
('ID1655082173', 'GIP016', 2, 1000),
('ID1655082173', 'GIP018', 1, 1000),
('ID1655082173', 'GIP020', 5, 1000),
('ID1655082173', 'GIP011', 10, 1000),
('ID1655082173', 'GIP048', 6, 90000),
('ID1655082173', 'GIP012', 2, 1000),
('ID1655082173', 'GIP026', 50, 1000),
('ID1655082173', 'GIP024', 50, 27000),
('ID1655082173', 'GIP027', 1, 1000),
('ID1655082173', 'GIP019', 20, 1000),
('ID1655084086', 'GIP043', 5, 1000),
('ID1655084086', 'GIP048', 6, 90000),
('ID1655084086', 'GIP001', 5, 18750),
('ID1655084086', 'GIP024', 50, 27000),
('ID1655166245', 'GIP013', 1, 1000),
('ID1655172717', 'GIP008', 2, 1000),
('ID1655173725', 'GIP047', 2, 1000),
('ID1655222524', 'GIP032', 7, 1000),
('ID1655253049', 'GIP048', 10, 90000),
('ID1655253493', 'GIP021', 12, 1000),
('ID1655253493', 'GIP022', 3, 1000),
('ID1655253493', 'GIP003', 1, 1000),
('ID1655253493', 'GIP010', 5, 1000),
('ID1655253511', 'GIP043', 16, 1000),
('ID1655253511', 'GIP026', 50, 1000),
('ID1655253511', 'GIP024', 25, 27000),
('ID1655253511', 'GIP048', 5, 90000),
('ID1655253511', 'GIP019', 10, 1000),
('ID1655255925', 'GIP016', 1, 1000),
('ID1655256141', 'GIP013', 1, 1000),
('ID1655256141', 'GIP016', 1, 1000),
('ID1655258824', 'GIP016', 3, 1000),
('ID1655339732', 'GIP034', 1, 1000),
('ID1655339135', 'GIP048', 10, 90000),
('ID1655339135', 'GIP011', 10, 1000),
('ID1655340397', 'GIP016', 1, 1000),
('ID1655340397', 'GIP013', 1, 1000),
('ID1655343172', 'GIP013', 2, 1000),
('ID1655346402', 'GIP020', 15, 1000),
('ID1655346402', 'GIP012', 12, 1000),
('ID1655346402', 'GIP023', 10, 1000),
('ID1655346942', 'GIP024', 50, 27000),
('ID1655350708', 'GIP186', 6, 1000),
('ID1655350708', 'GIP190', 6, 1000),
('ID1655350708', 'GIP191', 3, 1000),
('ID1655350708', 'GIP200', 1, 45000),
('ID1655350708', 'GIP202', 1, 45000),
('ID1655350708', 'GIP210', 1, 45000),
('ID1655350708', 'GIP213', 1, 45000),
('ID1655395548', 'GIP024', 100, 27000),
('ID1655424872', 'GIP048', 5, 90000),
('ID1655424872', 'GIP043', 3, 1000),
('ID1655424872', 'GIP019', 10, 1000),
('ID1655424872', 'GIP026', 25, 1000),
('ID1655430894', 'GIP043', 10, 1000),
('ID1655430894', 'GIP048', 10, 90000),
('ID1655454113', 'GIP013', 6, 1000),
('ID1655454113', 'GIP016', 2, 1000),
('ID1655481185', 'GIP048', 3, 90000),
('ID1655686135', 'GIP026', 75, 1000),
('ID1655686135', 'GIP043', 8, 1000),
('ID1655686135', 'GIP048', 1, 90000),
('ID1655686135', 'GIP019', 20, 1000),
('ID1655682353', 'GIP012', 6, 1000),
('ID1655682353', 'GIP023', 6, 1000),
('ID1655682353', 'GIP013', 2, 1000),
('ID1655682353', 'GIP014', 2, 1000),
('ID1655682353', 'GIP015', 2, 1000),
('ID1655682353', 'GIP016', 3, 1000),
('ID1655682353', 'GIP018', 2, 1000),
('ID1655682353', 'GIP020', 10, 1000),
('ID1655682353', 'GIP010', 10, 1000),
('ID1655682353', 'GIP011', 10, 1000),
('ID1655682353', 'GIP021', 6, 1000),
('ID1655682353', 'GIP048', 5, 90000),
('ID1655682353', 'GIP019', 10, 1000),
('ID1655682353', 'GIP024', 75, 27000),
('ID1655682353', 'GIP026', 75, 1000),
('ID1655688353', 'GIP018', 3, 1000),
('ID1655688353', 'GIP017', 1, 1000),
('ID1655688353', 'GIP016', 4, 1000),
('ID1655688353', 'GIP015', 3, 1000),
('ID1655688377', 'GIP054', 1, 130800),
('ID1655688330', 'GIP024', 25, 27000),
('ID1655688330', 'GIP020', 20, 1000),
('ID1655688330', 'GIP008', 2, 1000),
('ID1655688330', 'GIP012', 5, 1000),
('ID1655688330', 'GIP049', 2, 10000),
('ID1655688330', 'GIP019', 10, 1000),
('ID1655688330', 'GIP048', 2, 90000),
('ID1655708596', 'GIP003', 1, 1000),
('ID1655708596', 'GIP036', 1, 1000),
('ID1655770184', 'GIP027', 1, 1000),
('ID1655775263', 'GIP003', 2, 1000),
('ID1655859770', 'GIP035', 1, 1000),
('ID1655859524', 'GIP024', 25, 27000),
('ID1655859524', 'GIP003', 1, 1000),
('ID1655859524', 'GIP043', 7, 1000),
('ID1655859524', 'GIP048', 5, 90000),
('ID1655872280', 'GIP048', 15, 90000),
('ID1655872280', 'GIP021', 10, 1000),
('ID1655883690', 'GIP041', 1, 1000),
('ID1655968632', 'GIP027', 1, 1000),
('ID1655997008', 'GIP048', 10, 90000),
('ID1655995628', 'GIP019', 20, 1000),
('ID1655995628', 'GIP043', 10, 1000),
('ID1655999239', 'GIP019', 2, 1000),
('ID1656030065', 'GIP027', 1, 1000),
('ID1656031059', 'GIP036', 1, 1000),
('ID1656031059', 'GIP038', 1, 1000),
('ID1656036484', 'GIP001', 1, 18750),
('ID1656060480', 'GIP024', 50, 1000),
('ID1656060480', 'GIP026', 25, 1000),
('ID1656060480', 'GIP048', 5, 90000),
('ID1656225631', 'GIP024', 25, 1000),
('ID1656292257', 'GIP012', 6, 1000),
('ID1656292257', 'GIP023', 6, 1000),
('ID1656292257', 'GIP013', 7, 1000),
('ID1656292257', 'GIP014', 5, 1000),
('ID1656292257', 'GIP015', 4, 1000),
('ID1656292257', 'GIP018', 7, 1000),
('ID1656292257', 'GIP020', 12, 1000),
('ID1656292257', 'GIP006', 3, 1000),
('ID1656292257', 'GIP008', 2, 1000),
('ID1656292257', 'GIP048', 10, 90000),
('ID1656292257', 'GIP019', 20, 1000),
('ID1656292257', 'GIP043', 2, 1000),
('ID1656292257', 'GIP026', 75, 1000),
('ID1656292257', 'GIP024', 75, 1000),
('ID1656292257', 'GIP016', 5, 1000),
('ID1656292836', 'GIP020', 20, 1000),
('ID1656292836', 'GIP048', 5, 90000),
('ID1656292836', 'GIP043', 4, 1000),
('ID1656292836', 'GIP012', 6, 1000),
('ID1656292836', 'GIP023', 6, 1000),
('ID1656295608', 'GIP013', 3, 1000),
('ID1656295608', 'GIP014', 1, 1000),
('ID1656295608', 'GIP015', 1, 1000),
('ID1656295608', 'GIP018', 1, 1000),
('ID1656295608', 'GIP016', 5, 1000),
('ID1656295642', 'GIP003', 1, 1000),
('ID1656295642', 'GIP024', 50, 1000),
('ID1656295642', 'GIP011', 10, 1000),
('ID1656295642', 'GIP013', 5, 1000),
('ID1656295642', 'GIP019', 10, 1000),
('ID1656295642', 'GIP043', 5, 1000),
('ID1656295642', 'GIP048', 3, 90000),
('ID1656298750', 'GIP030', 1, 1000),
('ID1656305803', 'GIP050', 2, 40000),
('ID1656308646', 'GIP208', 1, 45000),
('ID1656310137', 'GIP186', 2, 1000),
('ID1656310137', 'GIP191', 3, 1000),
('ID1656319936', 'GIP016', 3, 1000),
('ID1656376993', 'GIP010', 10, 1000),
('ID1656376993', 'GIP011', 10, 1000),
('ID1656376993', 'GIP019', 20, 1000),
('ID1656376993', 'GIP021', 6, 1000),
('ID1656376993', 'GIP022', 5, 1000),
('ID1656376993', 'GIP026', 50, 1000),
('ID1656376993', 'GIP043', 5, 1000),
('ID1656376993', 'GIP048', 2, 90000),
('ID1656378760', 'GIP029', 2, 1000),
('ID1656380984', 'GIP209', 1, 45000),
('ID1656404312', 'GIP048', 6, 90000),
('ID1656459462', 'GIP193', 10, 1000),
('ID1656461933', 'GIP048', 10, 90000),
('ID1656461933', 'GIP043', 10, 1000),
('ID1656461933', 'GIP024', 75, 1000),
('ID1656461933', 'GIP019', 10, 1000),
('ID1656461933', 'GIP016', 5, 1000),
('ID1656549843', 'GIP026', 50, 1000),
('ID1656549843', 'GIP012', 15, 1000),
('ID1656549843', 'GIP019', 10, 1000),
('ID1656549843', 'GIP048', 5, 90000),
('ID1656549843', 'GIP023', 16, 1000),
('ID1656549843', 'GIP049', 3, 10000),
('ID1656549843', 'GIP024', 25, 1000),
('ID1656563383', 'GIP037', 1, 1000),
('ID1656563383', 'GIP036', 1, 1000),
('ID1656563383', 'GIP039', 1, 1000),
('ID1656897949', 'GIP013', 3, 1000),
('ID1656898154', 'GIP014', 2, 1000),
('ID1656898154', 'GIP015', 2, 1000),
('ID1656898154', 'GIP018', 1, 1000),
('ID1656898154', 'GIP016', 2, 1000),
('ID1656898154', 'GIP017', 1, 1000),
('ID1656891633', 'GIP012', 8, 1000),
('ID1656891633', 'GIP020', 9, 1000),
('ID1656891633', 'GIP008', 1, 1000),
('ID1656891633', 'GIP011', 10, 1000),
('ID1656891633', 'GIP048', 5, 90000),
('ID1656891633', 'GIP026', 25, 1000),
('ID1656891633', 'GIP024', 25, 1000),
('ID1656891633', 'GIP019', 10, 1000),
('ID1656891633', 'GIP043', 2, 1000),
('ID1656907185', 'GIP034', 1, 1000),
('ID1656995989', 'GIP036', 1, 1000),
('ID1656996027', 'GIP037', 1, 1000),
('ID1656996045', 'GIP039', 1, 1000),
('ID1657006444', 'GIP035', 1, 1000),
('ID1657067088', 'GIP048', 10, 90000),
('ID1657165573', 'GIP052', 5, 250000),
('ID1657165573', 'GIP053', 5, 64800),
('ID1657165573', 'GIP054', 5, 130800),
('ID1657165573', 'GIP199', 2, 45000),
('ID1657165573', 'GIP200', 1, 45000),
('ID1657165573', 'GIP198', 3, 45000),
('ID1657165573', 'GIP201', 2, 45000),
('ID1657165573', 'GIP197', 1, 45000),
('ID1657165573', 'GIP196', 1, 45000),
('ID1657165573', 'GIP209', 1, 45000),
('ID1657165573', 'GIP210', 1, 45000),
('ID1657165573', 'GIP208', 1, 45000),
('ID1657165573', 'GIP212', 2, 45000),
('ID1657184371', 'GIP048', 12, 90000),
('ID1657239768', 'GIP016', 4, 1000),
('ID1657239768', 'GIP019', 10, 1000),
('ID1657239768', 'GIP024', 25, 1000),
('ID1657242809', 'GIP048', 5, 90000),
('ID1657242809', 'GIP024', 25, 1000),
('ID1657243634', 'GIP048', 3, 90000),
('ID1657247570', 'GIP212', 1, 45000),
('ID1657305559', 'GIP035', 1, 1000),
('ID1657520960', 'GIP036', 1, 1000),
('ID1657588977', 'GIP193', 2, 1000),
('ID1657590971', 'GIP205', 1, 45000),
('ID1657681763', 'GIP223', 1, 1000),
('ID1657713207', 'GIP051', 15, 50000),
('ID1657762143', 'GIP016', 1, 1000),
('ID1657762143', 'GIP018', 1, 1000),
('ID1657762143', 'GIP017', 3, 1000),
('ID1657762143', 'GIP015', 2, 1000),
('ID1657848645', 'GIP027', 1, 1000),
('ID1658107996', 'GIP051', 1, 50000),
('ID1658107996', 'GIP193', 1, 1000),
('ID1658109758', 'GIP034', 1, 1000),
('ID1658111159', 'GIP050', 10, 40000),
('ID1658196210', 'GIP015', 1, 1000),
('ID1658196210', 'GIP016', 1, 1000),
('ID1658196210', 'GIP018', 2, 1000),
('ID1658196210', 'GIP014', 1, 1000),
('ID1658224066', 'GIP223', 1, 1000),
('ID1658307655', 'GIP052', 1, 250000),
('ID1658307655', 'GIP053', 1, 64800),
('ID1658307655', 'GIP054', 1, 130800),
('ID1658307655', 'GIP195', 2, 45000),
('ID1658307655', 'GIP197', 1, 45000),
('ID1658307655', 'GIP198', 2, 45000),
('ID1658307655', 'GIP199', 1, 45000),
('ID1658307655', 'GIP203', 1, 45000),
('ID1658307655', 'GIP209', 1, 45000),
('ID1658307655', 'GIP213', 1, 45000),
('ID1658307655', 'GIP208', 1, 45000),
('ID1658363579', 'GIP013', 4, 1000),
('ID1658425740', 'GIP003', 1, 1000),
('ID1658716082', 'GIP036', 1, 1000),
('ID1658716082', 'GIP038', 1, 1000),
('ID1658710760', 'GIP012', 5, 1000),
('ID1658710760', 'GIP023', 10, 1000),
('ID1658710760', 'GIP016', 6, 1000),
('ID1658710760', 'GIP020', 8, 1000),
('ID1658710760', 'GIP008', 1, 1000),
('ID1658710760', 'GIP011', 10, 1000),
('ID1658710760', 'GIP021', 6, 1000),
('ID1658710760', 'GIP048', 5, 90000),
('ID1658710760', 'GIP019', 20, 1000),
('ID1658710760', 'GIP026', 75, 1000),
('ID1658710760', 'GIP024', 75, 1000),
('ID1658710760', 'GIP182', 5, 1000),
('ID1658711782', 'GIP020', 15, 1000),
('ID1658711782', 'GIP032', 7, 1000),
('ID1658711782', 'GIP012', 5, 1000),
('ID1658878933', 'GIP032', 1, 1000),
('ID1658882261', 'GIP048', 5, 90000),
('ID1658883887', 'GIP013', 5, 1000),
('ID1658883887', 'GIP006', 2, 1000),
('ID1658969041', 'GIP024', 25, 1000),
('ID1658969041', 'GIP048', 3, 90000),
('ID1658969041', 'GIP008', 3, 1000),
('ID1658969041', 'GIP020', 10, 1000),
('ID1658969041', 'GIP012', 5, 1000),
('ID1658968282', 'GIP024', 25, 1000),
('ID1658967767', 'GIP048', 5, 90000),
('ID1658967767', 'GIP043', 4, 1000),
('ID1658880968', 'GIP048', 8, 90000),
('ID1658880968', 'GIP043', 8, 1000),
('ID1658880968', 'GIP021', 12, 1000),
('ID1658880968', 'GIP011', 20, 1000),
('ID1658880968', 'GIP010', 10, 1000),
('ID1658880968', 'GIP019', 20, 1000),
('ID1658880968', 'GIP025', 25, 1000),
('ID1658798310', 'GIP048', 3, 90000),
('ID1658798310', 'GIP043', 5, 1000),
('ID1658798310', 'GIP003', 1, 1000),
('ID1658798310', 'GIP024', 25, 1000),
('ID1658718187', 'GIP043', 7, 1000),
('ID1658718187', 'GIP048', 2, 90000),
('ID1658718187', 'GIP019', 10, 1000),
('ID1658713316', 'GIP048', 5, 90000),
('ID1658713316', 'GIP024', 25, 1000),
('ID1658713316', 'GIP043', 8, 1000),
('ID1658713316', 'GIP019', 10, 1000),
('ID1658713316', 'GIP001', 1, 18750),
('ID1658717088', 'GIP029', 2, 1000),
('ID1658505390', 'GIP012', 20, 1000),
('ID1658625134', 'GIP034', 1, 1000),
('ID1658470008', 'GIP036', 1, 1000),
('ID1658470008', 'GIP038', 1, 1000),
('ID1658449771', 'GIP182', 2, 1000),
('ID1658370311', 'GIP006', 4, 1000),
('ID1658363350', 'GIP048', 15, 90000),
('ID1658363350', 'GIP019', 30, 1000),
('ID1658363350', 'GIP015', 1, 1000),
('ID1658363350', 'GIP018', 2, 1000),
('ID1658363350', 'GIP016', 2, 1000),
('ID1658363350', 'GIP021', 6, 1000),
('ID1658363350', 'GIP011', 10, 1000),
('ID1658363350', 'GIP024', 75, 1000),
('ID1658363350', 'GIP043', 10, 1000),
('ID1658365031', 'GIP013', 4, 1000),
('ID1658365031', 'GIP048', 4, 90000),
('ID1658363134', 'GIP020', 12, 1000),
('ID1658363134', 'GIP048', 6, 90000),
('ID1658277629', 'GIP013', 3, 1000),
('ID1658277629', 'GIP015', 1, 1000),
('ID1658277629', 'GIP014', 1, 1000),
('ID1658277629', 'GIP016', 5, 1000),
('ID1658277629', 'GIP018', 1, 1000),
('ID1658277629', 'GIP017', 1, 1000),
('ID1658115675', 'GIP020', 10, 1000),
('ID1658115675', 'GIP012', 10, 1000),
('ID1658115675', 'GIP023', 12, 1000),
('ID1658115675', 'GIP019', 10, 1000),
('ID1658115675', 'GIP026', 25, 1000),
('ID1658278011', 'GIP193', 10, 1000),
('ID1658278011', 'GIP021', 6, 1000),
('ID1658290782', 'GIP003', 1, 1000),
('ID1658279232', 'GIP048', 7, 90000),
('ID1658113903', 'GIP013', 2, 1000),
('ID1658113903', 'GIP018', 2, 1000),
('ID1658192498', 'GIP048', 6, 90000),
('ID1658192498', 'GIP019', 10, 1000),
('ID1658192498', 'GIP026', 50, 1000),
('ID1658192498', 'GIP024', 25, 1000),
('ID1658192498', 'GIP013', 1, 1000),
('ID1658192498', 'GIP016', 1, 1000),
('ID1658367422', 'GIP006', 4, 1000),
('ID1658449774', 'GIP048', 15, 90000),
('ID1658449774', 'GIP026', 25, 1000),
('ID1658449774', 'GIP021', 12, 1000),
('ID1658113463', 'GIP019', 10, 1000),
('ID1658113463', 'GIP026', 50, 1000),
('ID1658113463', 'GIP022', 5, 1000),
('ID1658113463', 'GIP048', 1, 90000),
('ID1658113463', 'GIP043', 10, 1000),
('ID1658113463', 'GIP013', 2, 1000),
('ID1658113463', 'GIP016', 2, 1000),
('ID1658113463', 'GIP029', 5, 1000),
('ID1658113463', 'GIP021', 6, 1000),
('ID1658113463', 'GIP001', 5, 18750),
('ID1658113463', 'GIP024', 25, 1000),
('ID1657585081', 'GIP024', 25, 1000),
('ID1657585081', 'GIP048', 5, 90000),
('ID1657585081', 'GIP043', 8, 1000),
('ID1657585081', 'GIP021', 6, 1000),
('ID1657585081', 'GIP016', 1, 1000),
('ID1657585081', 'GIP018', 1, 1000),
('ID1657585081', 'GIP015', 1, 1000),
('ID1657671530', 'GIP013', 2, 1000),
('ID1657671530', 'GIP015', 2, 1000),
('ID1657671530', 'GIP018', 1, 1000),
('ID1657673468', 'GIP048', 7, 90000),
('ID1657673693', 'GIP026', 50, 1000),
('ID1657673693', 'GIP019', 10, 1000),
('ID1657673693', 'GIP048', 6, 90000),
('ID1657673693', 'GIP011', 10, 1000),
('ID1657673693', 'GIP043', 9, 1000),
('ID1657677331', 'GIP048', 12, 90000),
('ID1658106300', 'GIP012', 15, 1000),
('ID1658106300', 'GIP023', 7, 1000),
('ID1658106300', 'GIP013', 2, 1000),
('ID1658106300', 'GIP015', 2, 1000),
('ID1658106300', 'GIP016', 2, 1000),
('ID1658106300', 'GIP032', 1, 1000),
('ID1658106300', 'GIP033', 2, 1000),
('ID1658106300', 'GIP020', 9, 1000),
('ID1658106300', 'GIP011', 10, 1000),
('ID1658106300', 'GIP048', 2, 90000),
('ID1658106300', 'GIP043', 4, 1000),
('ID1658106300', 'GIP026', 50, 1000),
('ID1658106300', 'GIP019', 20, 1000),
('ID1657844885', 'GIP001', 5, 18750),
('ID1657844885', 'GIP019', 10, 1000),
('ID1657844885', 'GIP048', 5, 90000),
('ID1657844885', 'GIP026', 25, 1000),
('ID1657844885', 'GIP021', 6, 1000),
('ID1657843574', 'GIP024', 50, 1000),
('ID1657843574', 'GIP048', 10, 90000),
('ID1657760288', 'GIP019', 10, 1000),
('ID1657760288', 'GIP048', 5, 90000),
('ID1657760288', 'GIP021', 6, 1000),
('ID1657760288', 'GIP011', 10, 1000),
('ID1657760288', 'GIP026', 50, 1000),
('ID1657760288', 'GIP043', 8, 1000),
('ID1657760149', 'GIP024', 25, 1000),
('ID1657760149', 'GIP048', 5, 90000),
('ID1657760149', 'GIP043', 6, 1000),
('ID1657760149', 'GIP003', 1, 1000),
('ID1657760149', 'GIP021', 6, 1000),
('ID1657760149', 'GIP019', 10, 1000),
('ID1657512097', 'GIP193', 2, 1000),
('ID1657503755', 'GIP020', 10, 1000),
('ID1657503755', 'GIP011', 10, 1000),
('ID1657503755', 'GIP026', 25, 1000),
('ID1657503755', 'GIP008', 1, 1000),
('ID1657503755', 'GIP024', 25, 1000),
('ID1657505380', 'GIP013', 2, 1000),
('ID1657505380', 'GIP018', 1, 1000),
('ID1657505380', 'GIP014', 1, 1000),
('ID1657505380', 'GIP016', 1, 1000),
('ID1656640253', 'GIP019', 20, 1000),
('ID1656640253', 'GIP024', 50, 1000),
('ID1656640253', 'GIP048', 10, 90000),
('ID1656640253', 'GIP026', 50, 1000),
('ID1656640253', 'GIP021', 6, 1000),
('ID1656640253', 'GIP022', 5, 1000),
('ID1656640253', 'GIP043', 5, 1000),
('ID1656896658', 'GIP026', 100, 1000),
('ID1656896658', 'GIP043', 10, 1000),
('ID1656896658', 'GIP048', 5, 90000),
('ID1656896658', 'GIP019', 20, 1000),
('ID1656896658', 'GIP021', 12, 1000),
('ID1656896658', 'GIP011', 10, 1000),
('ID1656897599', 'GIP003', 1, 1000),
('ID1656897599', 'GIP024', 50, 1000),
('ID1656897599', 'GIP043', 8, 1000),
('ID1656897599', 'GIP048', 5, 90000),
('ID1656982215', 'GIP048', 2, 90000),
('ID1656983476', 'GIP020', 15, 1000),
('ID1656983476', 'GIP048', 2, 90000),
('ID1656983476', 'GIP013', 5, 1000),
('ID1656983476', 'GIP014', 4, 1000),
('ID1656983476', 'GIP015', 4, 1000),
('ID1656983476', 'GIP018', 4, 1000),
('ID1656983476', 'GIP012', 12, 1000),
('ID1656983476', 'GIP023', 10, 1000),
('ID1656983476', 'GIP008', 1, 1000),
('ID1656983656', 'GIP047', 2, 1000),
('ID1656984281', 'GIP006', 5, 1000),
('ID1656985837', 'GIP043', 8, 1000),
('ID1657067102', 'GIP024', 50, 1000),
('ID1657067102', 'GIP011', 10, 1000),
('ID1657067102', 'GIP043', 6, 1000),
('ID1657074865', 'GIP051', 10, 50000),
('ID1657153446', 'GIP048', 10, 90000),
('ID1657153446', 'GIP043', 8, 1000),
('ID1657242147', 'GIP048', 5, 90000),
('ID1657263583', 'GIP212', 1, 45000),
('ID1657263621', 'GIP019', 10, 1000),
('ID1657502787', 'GIP024', 25, 1000),
('ID1657502787', 'GIP003', 1, 1000),
('ID1657502787', 'GIP019', 10, 1000),
('ID1657502787', 'GIP025', 25, 1000),
('ID1657502787', 'GIP043', 8, 1000),
('ID1657502787', 'GIP027', 1, 1000),
('ID1657502787', 'GIP048', 1, 90000),
('ID1657503022', 'GIP012', 10, 1000),
('ID1657503022', 'GIP020', 20, 1000),
('ID1657503022', 'GIP043', 2, 1000),
('ID1657503022', 'GIP032', 6, 1000),
('ID1657503022', 'GIP033', 3, 1000),
('ID1657503022', 'GIP019', 10, 1000),
('ID1657503022', 'GIP048', 1, 90000),
('ID1658983345', 'GIP035', 1, 1000),
('ID1659053891', 'GIP048', 5, 90000),
('ID1659055053', 'GIP048', 10, 90000),
('ID1659055053', 'GIP043', 8, 1000),
('ID1659055053', 'GIP019', 10, 1000),
('ID1659056232', 'GIP054', 1, 130800),
('ID1659059398', 'GIP019', 10, 1000),
('ID1659059398', 'GIP043', 8, 1000),
('ID1659059398', 'GIP048', 8, 90000),
('ID1659059398', 'GIP024', 50, 1000),
('ID1659076442', 'GIP019', 110, 1000),
('ID1659311164', 'GIP012', 10, 1000),
('ID1659311164', 'GIP016', 2, 1000),
('ID1659311164', 'GIP017', 1, 1000),
('ID1659311164', 'GIP032', 2, 1000),
('ID1659311164', 'GIP033', 2, 1000),
('ID1659311164', 'GIP020', 10, 1000),
('ID1659311164', 'GIP006', 2, 1000),
('ID1659311164', 'GIP007', 1, 1000),
('ID1659311164', 'GIP011', 10, 1000),
('ID1659311164', 'GIP021', 6, 1000),
('ID1659311164', 'GIP048', 12, 90000),
('ID1659311164', 'GIP019', 10, 1000),
('ID1659311164', 'GIP024', 75, 1000),
('ID1659311164', 'GIP026', 50, 1000),
('ID1659311164', 'GIP182', 8, 1000),
('ID1659311164', 'GIP008', 1, 1000),
('ID1659316754', 'GIP013', 3, 1000),
('ID1659316754', 'GIP014', 1, 1000),
('ID1659316754', 'GIP015', 1, 1000),
('ID1659316754', 'GIP016', 2, 1000),
('ID1659316754', 'GIP017', 1, 1000),
('ID1659316754', 'GIP018', 1, 1000),
('ID1659321897', 'GIP158', 1, 946236),
('ID1659333783', 'GIP003', 1, 1000),
('ID1659387504', 'GIP158', 1, 946236),
('ID1659397544', 'GIP013', 3, 1000),
('ID1659397544', 'GIP018', 2, 1000),
('ID1659397544', 'GIP014', 2, 1000),
('ID1659397544', 'GIP016', 2, 1000),
('ID1659399662', 'GIP043', 8, 1000),
('ID1659399662', 'GIP011', 10, 1000),
('ID1659399662', 'GIP048', 5, 90000),
('ID1659399662', 'GIP022', 5, 1000),
('ID1659414001', 'GIP037', 1, 1000),
('ID1659414020', 'GIP039', 1, 1000),
('ID1659485845', 'GIP043', 4, 1000),
('ID1659485845', 'GIP048', 4, 90000),
('ID1659485845', 'GIP024', 1, 1000),
('ID1659486985', 'GIP048', 15, 90000),
('ID1659486985', 'GIP043', 10, 1000),
('ID1659486985', 'GIP019', 20, 1000),
('ID1659486985', 'GIP026', 50, 1000),
('ID1659486985', 'GIP021', 12, 1000),
('ID1659486985', 'GIP024', 25, 1000),
('ID1659493536', 'GIP047', 1, 1000),
('ID1659494093', 'GIP013', 5, 1000),
('ID1659494093', 'GIP014', 5, 1000),
('ID1659494093', 'GIP016', 2, 1000),
('ID1659494093', 'GIP018', 2, 1000),
('ID1659499814', 'GIP036', 1, 1000),
('ID1659571491', 'GIP003', 1, 1000),
('ID1659571491', 'GIP048', 5, 90000),
('ID1659571491', 'GIP024', 25, 1000),
('ID1659572288', 'GIP012', 10, 1000),
('ID1659572288', 'GIP023', 15, 1000),
('ID1659572288', 'GIP020', 10, 1000),
('ID1659572288', 'GIP048', 3, 90000),
('ID1659579274', 'GIP027', 1, 1000),
('ID1659599530', 'GIP218', 4, 10000),
('ID1659658291', 'GIP043', 4, 1000),
('ID1659578111', 'GIP054', 7, 130800),
('ID1659578111', 'GIP053', 7, 64800),
('ID1659578111', 'GIP052', 7, 250000),
('ID1659578111', 'GIP196', 2, 45000),
('ID1659578111', 'GIP197', 2, 45000),
('ID1659578111', 'GIP198', 1, 45000),
('ID1659578111', 'GIP199', 3, 45000),
('ID1659578111', 'GIP200', 2, 45000),
('ID1659578111', 'GIP201', 2, 45000),
('ID1659578111', 'GIP207', 1, 45000),
('ID1659578111', 'GIP209', 2, 45000),
('ID1659578111', 'GIP210', 1, 45000),
('ID1659578111', 'GIP212', 3, 45000),
('ID1659662851', 'GIP223', 1, 1000),
('ID1659717763', 'GIP035', 1, 1000),
('ID1659919743', 'GIP012', 9, 1000),
('ID1659919743', 'GIP023', 2, 1000),
('ID1659919743', 'GIP013', 4, 1000),
('ID1659919743', 'GIP015', 3, 1000),
('ID1659919743', 'GIP016', 5, 1000),
('ID1659919743', 'GIP018', 6, 1000),
('ID1659919743', 'GIP020', 8, 1000),
('ID1659919743', 'GIP011', 10, 1000),
('ID1659919743', 'GIP021', 6, 1000),
('ID1659919743', 'GIP048', 12, 90000),
('ID1659919743', 'GIP043', 6, 1000),
('ID1659919743', 'GIP024', 25, 1000),
('ID1659919743', 'GIP019', 20, 1000),
('ID1659924741', 'GIP052', 1, 250000),
('ID1659924741', 'GIP193', 1, 1000),
('ID1659921157', 'GIP034', 1, 1000),
('ID1659922381', 'GIP011', 20, 1000),
('ID1659922381', 'GIP019', 20, 1000),
('ID1659922381', 'GIP021', 12, 1000),
('ID1659922381', 'GIP024', 100, 1000),
('ID1659922381', 'GIP025', 50, 1000),
('ID1659922381', 'GIP043', 16, 1000),
('ID1659922381', 'GIP048', 20, 90000),
('ID1659922381', 'GIP016', 2, 1000),
('ID1659922470', 'GIP020', 8, 1000),
('ID1659922470', 'GIP012', 10, 1000),
('ID1659922470', 'GIP026', 25, 1000),
('ID1659922470', 'GIP048', 4, 90000),
('ID1659964821', 'GIP036', 1, 1000),
('ID1659978605', 'GIP008', 1, 1000),
('ID1659978605', 'GIP032', 1, 1000),
('ID1659978605', 'GIP020', 1, 1000),
('ID1660007929', 'GIP016', 5, 1000),
('ID1660011467', 'GIP047', 4, 1000),
('ID1660090356', 'GIP032', 6, 1000),
('ID1660092317', 'GIP013', 2, 1000),
('ID1660092317', 'GIP017', 1, 1000),
('ID1660092317', 'GIP016', 1, 1000),
('ID1660092317', 'GIP001', 1, 18750),
('ID1660100859', 'GIP035', 1, 1000),
('ID1660100859', 'GIP037', 2, 1000),
('ID1660100859', 'GIP039', 1, 1000),
('ID1660176760', 'GIP020', 15, 1000),
('ID1660176760', 'GIP013', 3, 1000),
('ID1660176760', 'GIP014', 3, 1000),
('ID1660176760', 'GIP016', 1, 1000),
('ID1660179305', 'GIP048', 3, 90000),
('ID1660179305', 'GIP003', 1, 1000),
('ID1660181613', 'GIP003', 1, 1000),
('ID1660189537', 'GIP193', 10, 1000),
('ID1660269388', 'GIP048', 4, 90000),
('ID1660269388', 'GIP043', 2, 1000),
('ID1660520619', 'GIP012', 7, 1000),
('ID1660520619', 'GIP023', 4, 1000),
('ID1660520619', 'GIP016', 1, 1000),
('ID1660520619', 'GIP020', 6, 1000),
('ID1660520619', 'GIP048', 10, 90000),
('ID1660520619', 'GIP019', 10, 1000),
('ID1660528819', 'GIP048', 3, 90000),
('ID1660528819', 'GIP008', 2, 1000),
('ID1660527375', 'GIP020', 9, 1000),
('ID1660527375', 'GIP023', 20, 1000),
('ID1660527375', 'GIP012', 21, 1000),
('ID1660531966', 'GIP024', 50, 1000),
('ID1660531966', 'GIP025', 25, 1000),
('ID1660531966', 'GIP048', 10, 90000),
('ID1660531966', 'GIP043', 10, 1000),
('ID1660534155', 'GIP016', 2, 1000),
('ID1660785345', 'GIP024', 50, 1000),
('ID1660787973', 'GIP016', 1, 1000),
('ID1660610841', 'GIP043', 15, 1000),
('ID1660610841', 'GIP048', 20, 90000),
('ID1660610841', 'GIP026', 100, 1000),
('ID1660610841', 'GIP019', 20, 1000),
('ID1660611552', 'GIP021', 18, 1000),
('ID1660783851', 'GIP210', 1, 45000),
('ID1660783851', 'GIP213', 1, 45000),
('ID1660783851', 'GIP212', 1, 45000),
('ID1660783851', 'GIP198', 1, 45000),
('ID1660783851', 'GIP208', 1, 45000),
('ID1660783851', 'GIP202', 1, 45000),
('ID1660865587', 'GIP048', 7, 90000),
('ID1660867680', 'GIP043', 8, 1000),
('ID1660867680', 'GIP048', 8, 90000),
('ID1660867680', 'GIP024', 75, 1000),
('ID1660869226', 'GIP016', 1, 1000),
('ID1660895769', 'GIP212', 1, 45000),
('ID1660918691', 'GIP003', 1, 1000),
('ID1661130440', 'GIP011', 20, 1000),
('ID1661130440', 'GIP048', 10, 90000),
('ID1661130440', 'GIP019', 10, 1000),
('ID1661130440', 'GIP026', 25, 1000),
('ID1661131153', 'GIP012', 10, 1000),
('ID1661131153', 'GIP023', 6, 1000),
('ID1661131153', 'GIP032', 2, 1000),
('ID1661131153', 'GIP033', 3, 1000),
('ID1661131153', 'GIP020', 7, 1000),
('ID1661131153', 'GIP008', 1, 1000),
('ID1661131153', 'GIP011', 10, 1000),
('ID1661131153', 'GIP043', 3, 1000),
('ID1661131153', 'GIP026', 50, 1000),
('ID1661131153', 'GIP024', 25, 1000),
('ID1661131153', 'GIP019', 20, 1000),
('ID1661130023', 'GIP012', 18, 1000),
('ID1661130023', 'GIP013', 5, 1000),
('ID1661130023', 'GIP019', 10, 1000),
('ID1661130023', 'GIP020', 14, 1000),
('ID1661130023', 'GIP023', 10, 1000),
('ID1661130023', 'GIP048', 5, 90000),
('ID1661130023', 'GIP026', 25, 1000),
('ID1661130023', 'GIP025', 25, 1000),
('ID1661129884', 'GIP013', 2, 1000),
('ID1661129884', 'GIP014', 2, 1000),
('ID1661129884', 'GIP016', 1, 1000),
('ID1661129884', 'GIP018', 2, 1000),
('ID1661129884', 'GIP015', 2, 1000),
('ID1661137581', 'GIP031', 1, 1000),
('ID1661138132', 'GIP015', 1, 1000),
('ID1661138132', 'GIP013', 3, 1000),
('ID1661138132', 'GIP014', 1, 1000),
('ID1661138132', 'GIP018', 1, 1000),
('ID1661141504', 'GIP038', 1, 1000),
('ID1661141526', 'GIP036', 1, 1000),
('ID1661145343', 'GIP036', 1, 1000),
('ID1661153216', 'GIP013', 4, 1000),
('ID1661153216', 'GIP017', 1, 1000),
('ID1661213990', 'GIP048', 15, 90000),
('ID1661213990', 'GIP043', 5, 1000),
('ID1661213990', 'GIP021', 12, 1000),
('ID1661213990', 'GIP026', 25, 1000),
('ID1661221470', 'GIP213', 2, 45000),
('ID1661221470', 'GIP197', 2, 45000),
('ID1661221470', 'GIP195', 2, 45000),
('ID1661221470', 'GIP198', 1, 45000),
('ID1661221470', 'GIP199', 1, 45000),
('ID1661221470', 'GIP201', 2, 45000),
('ID1661221470', 'GIP054', 2, 130800),
('ID1661221470', 'GIP053', 2, 64800),
('ID1661221470', 'GIP052', 2, 250000),
('ID1661223373', 'GIP013', 1, 1000),
('ID1661223373', 'GIP016', 1, 1000),
('ID1661306451', 'GIP048', 8, 90000),
('ID1661306451', 'GIP024', 50, 1000),
('ID1661306451', 'GIP019', 10, 1000),
('ID1661306451', 'GIP043', 10, 1000),
('ID1661323962', 'GIP016', 2, 1000),
('ID1661324192', 'GIP199', 1, 45000),
('ID1661324192', 'GIP210', 1, 45000),
('ID1661327303', 'GIP034', 1, 1000),
('ID1661386155', 'GIP010', 20, 1000),
('ID1661386155', 'GIP043', 10, 1000),
('ID1661386155', 'GIP019', 10, 1000),
('ID1661386601', 'GIP048', 15, 90000),
('ID1661389041', 'GIP016', 1, 1000),
('ID1661389735', 'GIP016', 1, 1000),
('ID1661398075', 'GIP016', 1, 1000),
('ID1661451590', 'GIP034', 1, 1000),
('ID1661474383', 'GIP003', 1, 1000),
('ID1661474383', 'GIP024', 50, 1000),
('ID1661474383', 'GIP043', 8, 1000),
('ID1661474383', 'GIP013', 2, 1000),
('ID1661474383', 'GIP048', 10, 90000),
('ID1661474383', 'GIP019', 10, 1000),
('ID1661481917', 'GIP048', 5, 90000),
('ID1661481917', 'GIP016', 1, 1000),
('ID1661485422', 'GIP006', 2, 1000),
('ID1661729900', 'GIP021', 6, 1000),
('ID1661729900', 'GIP026', 25, 1000),
('ID1661729900', 'GIP024', 25, 1000),
('ID1661729900', 'GIP006', 1, 1000),
('ID1661732055', 'GIP048', 6, 90000),
('ID1661732055', 'GIP020', 15, 1000),
('ID1661732055', 'GIP012', 10, 1000),
('ID1661732055', 'GIP023', 10, 1000),
('ID1661732055', 'GIP032', 3, 1000),
('ID1661732055', 'GIP008', 2, 1000),
('ID1661732055', 'GIP013', 2, 1000),
('ID1661732458', 'GIP006', 1, 1000),
('ID1661733689', 'GIP013', 1, 1000),
('ID1661733689', 'GIP014', 1, 1000),
('ID1661733689', 'GIP018', 1, 1000),
('ID1661733689', 'GIP017', 2, 1000),
('ID1661733689', 'GIP015', 1, 1000),
('ID1661734300', 'GIP024', 25, 1000),
('ID1661734300', 'GIP043', 8, 1000),
('ID1661734300', 'GIP021', 6, 1000),
('ID1661734300', 'GIP022', 6, 1000),
('ID1661734300', 'GIP048', 6, 90000),
('ID1661741924', 'GIP013', 1, 1000),
('ID1661743211', 'GIP029', 3, 1000),
('ID1661515937', 'GIP020', 10, 1000),
('ID1659946676', 'GIP026', 50, 1000),
('ID1659946676', 'GIP019', 10, 1000),
('ID1659946676', 'GIP048', 10, 90000),
('ID1659946676', 'GIP011', 20, 1000),
('ID1659946676', 'GIP043', 10, 1000),
('ID1660095052', 'GIP019', 20, 1000),
('ID1660095052', 'GIP048', 10, 90000),
('ID1660095052', 'GIP026', 50, 1000),
('ID1660095052', 'GIP043', 8, 1000),
('ID1660095052', 'GIP021', 12, 1000),
('ID1660877045', 'GIP016', 1, 1000),
('ID1661398858', 'GIP013', 2, 1000),
('ID1661819483', 'GIP162', 1, 946236),
('ID1661818370', 'GIP052', 10, 250000),
('ID1661826345', 'GIP019', 20, 1000),
('ID1661826345', 'GIP024', 25, 1000),
('ID1661826345', 'GIP026', 50, 1000),
('ID1661826345', 'GIP048', 8, 90000),
('ID1661826345', 'GIP011', 10, 1000),
('ID1661826345', 'GIP043', 8, 1000),
('ID1661826345', 'GIP021', 10, 1000),
('ID1661847988', 'GIP014', 4, 1000),
('ID1661904165', 'GIP020', 14, 1000),
('ID1661902837', 'GIP048', 10, 90000),
('ID1661909134', 'GIP013', 2, 1000),
('ID1661909134', 'GIP015', 2, 1000),
('ID1661909134', 'GIP014', 2, 1000),
('ID1661909134', 'GIP018', 2, 1000),
('ID1661909209', 'GIP016', 3, 1000),
('ID1661909209', 'GIP013', 3, 1000),
('ID1661909209', 'GIP015', 2, 1000),
('ID1661909209', 'GIP014', 2, 1000),
('ID1661909209', 'GIP018', 2, 1000),
('ID1661909417', 'GIP016', 9, 1000),
('ID1661909417', 'GIP013', 7, 1000),
('ID1661909417', 'GIP015', 8, 1000),
('ID1661909417', 'GIP014', 7, 1000),
('ID1661909417', 'GIP018', 9, 1000),
('ID1661912893', 'GIP223', 1, 1000),
('ID1661917159', 'GIP012', 100, 1000),
('ID1661917159', 'GIP020', 37, 1000),
('ID1661917159', 'GIP024', 74, 1000),
('ID1661917159', 'GIP028', 4, 1000),
('ID1661917159', 'GIP030', 2, 1000),
('ID1661917159', 'GIP035', 1, 1000),
('ID1661917159', 'GIP036', 1, 1000),
('ID1661917159', 'GIP193', 28, 1000),
('ID1661917159', 'GIP182', 1, 1000),
('ID1661917660', 'GIP223', 1, 1000),
('ID1661988654', 'GIP193', 1, 1000),
('ID1661995291', 'GIP008', 1, 1000),
('ID1661995291', 'GIP020', 1, 1000),
('ID1661995291', 'GIP032', 1, 1000),
('ID1662041972', 'GIP003', 1, 1000),
('ID1662074993', 'GIP020', 12, 1000),
('ID1662076465', 'GIP036', 1, 1000),
('ID1662077202', 'GIP037', 1, 1000),
('ID1662077218', 'GIP039', 1, 1000),
('ID1662077763', 'GIP013', 2, 1000),
('ID1662102316', 'GIP028', 3, 1000),
('ID1662102316', 'GIP030', 2, 1000),
('ID1662102628', 'GIP024', 50, 1000),
('ID1662339734', 'GIP024', 50, 1000),
('ID1662339734', 'GIP043', 8, 1000),
('ID1662339734', 'GIP048', 12, 90000),
('ID1662340772', 'GIP012', 10, 1000),
('ID1662340772', 'GIP023', 6, 1000),
('ID1662340772', 'GIP013', 2, 1000),
('ID1662340772', 'GIP014', 1, 1000),
('ID1662340772', 'GIP015', 1, 1000),
('ID1662340772', 'GIP016', 2, 1000),
('ID1662340772', 'GIP018', 2, 1000),
('ID1662340772', 'GIP017', 2, 1000),
('ID1662340772', 'GIP033', 3, 1000),
('ID1662340772', 'GIP008', 1, 1000),
('ID1662340772', 'GIP010', 10, 1000),
('ID1662340772', 'GIP011', 10, 1000),
('ID1662340772', 'GIP021', 12, 1000),
('ID1662340772', 'GIP048', 10, 90000),
('ID1662340772', 'GIP019', 20, 1000),
('ID1662340772', 'GIP043', 6, 1000),
('ID1662340772', 'GIP026', 50, 1000),
('ID1662340772', 'GIP024', 50, 1000),
('ID1662340901', 'GIP020', 11, 1000),
('ID1662340901', 'GIP032', 5, 1000),
('ID1662340901', 'GIP048', 4, 90000),
('ID1662340901', 'GIP043', 5, 1000),
('ID1662340901', 'GIP012', 20, 1000),
('ID1662340901', 'GIP023', 5, 1000),
('ID1662340901', 'GIP013', 2, 1000),
('ID1662340901', 'GIP014', 1, 1000),
('ID1662340901', 'GIP015', 1, 1000),
('ID1662340901', 'GIP018', 1, 1000),
('ID1662340901', 'GIP006', 1, 1000),
('ID1662340901', 'GIP008', 2, 1000),
('ID1662340484', 'GIP043', 6, 1000),
('ID1662340484', 'GIP048', 8, 90000),
('ID1662340484', 'GIP019', 10, 1000),
('ID1662340484', 'GIP024', 50, 1000),
('ID1662340484', 'GIP026', 75, 1000),
('ID1662340484', 'GIP011', 10, 1000),
('ID1662340484', 'GIP013', 2, 1000),
('ID1662355894', 'GIP036', 1, 1000),
('ID1662355894', 'GIP039', 1, 1000),
('ID1662360279', 'GIP013', 1, 1000),
('ID1662360279', 'GIP014', 1, 1000),
('ID1662360279', 'GIP015', 1, 1000),
('ID1662360279', 'GIP016', 1, 1000),
('ID1662360279', 'GIP018', 1, 1000),
('ID1662425375', 'GIP003', 1, 1000),
('ID1662425375', 'GIP019', 10, 1000),
('ID1662425375', 'GIP028', 1, 1000),
('ID1662128726', 'GIP003', 1, 1000),
('ID1662511954', 'GIP006', 1, 1000),
('ID1662538254', 'GIP223', 1, 1000),
('ID1662538742', 'GIP182', 10, 1000),
('ID1662595706', 'GIP024', 50, 1000),
('ID1662595706', 'GIP043', 8, 1000),
('ID1662595706', 'GIP019', 10, 1000),
('ID1662595706', 'GIP048', 10, 90000),
('ID1662598180', 'GIP001', 5, 18750),
('ID1662602880', 'GIP054', 5, 130800),
('ID1662602880', 'GIP052', 5, 250000),
('ID1662602880', 'GIP053', 5, 64800),
('ID1662602880', 'GIP193', 5, 1000),
('ID1662602880', 'GIP196', 2, 45000);
INSERT INTO `tbl_detail_penjualan` (`id_penjualan`, `id_barang`, `qty`, `harga`) VALUES
('ID1662602880', 'GIP197', 5, 45000),
('ID1662602880', 'GIP198', 5, 45000),
('ID1662602880', 'GIP199', 2, 45000),
('ID1662602880', 'GIP201', 1, 45000),
('ID1662602880', 'GIP208', 2, 45000),
('ID1662602880', 'GIP209', 2, 45000),
('ID1662602880', 'GIP213', 1, 45000),
('ID1662596694', 'GIP048', 10, 90000),
('ID1662596694', 'GIP021', 10, 1000),
('ID1662596694', 'GIP019', 10, 1000),
('ID1662624223', 'GIP048', 5, 90000),
('ID1662682784', 'GIP048', 8, 90000),
('ID1662682784', 'GIP011', 10, 1000),
('ID1662682784', 'GIP043', 5, 1000),
('ID1662685119', 'GIP035', 1, 1000),
('ID1662776523', 'GIP035', 1, 1000),
('ID1662946477', 'GIP048', 10, 90000),
('ID1662946477', 'GIP043', 14, 1000),
('ID1662946477', 'GIP024', 75, 1000),
('ID1662946477', 'GIP025', 25, 1000),
('ID1662946477', 'GIP021', 12, 1000),
('ID1662946477', 'GIP013', 1, 1000),
('ID1662946477', 'GIP019', 10, 1000),
('ID1662946477', 'GIP014', 1, 1000),
('ID1662946477', 'GIP016', 1, 1000),
('ID1662946477', 'GIP018', 1, 1000),
('ID1662946477', 'GIP015', 1, 1000),
('ID1662946477', 'GIP011', 10, 1000),
('ID1662946477', 'GIP003', 1, 1000),
('ID1662946628', 'GIP013', 2, 1000),
('ID1662946558', 'GIP020', 12, 1000),
('ID1662946558', 'GIP008', 1, 1000),
('ID1662946558', 'GIP019', 10, 1000),
('ID1662946558', 'GIP048', 2, 90000),
('ID1662946558', 'GIP182', 2, 1000),
('ID1662946558', 'GIP012', 6, 1000),
('ID1662948172', 'GIP026', 50, 1000),
('ID1662948172', 'GIP048', 10, 90000),
('ID1662948172', 'GIP019', 10, 1000),
('ID1662948172', 'GIP011', 20, 1000),
('ID1662948172', 'GIP021', 12, 1000),
('ID1662948172', 'GIP043', 8, 1000),
('ID1662952369', 'GIP013', 2, 1000),
('ID1662952369', 'GIP014', 1, 1000),
('ID1662952369', 'GIP018', 1, 1000),
('ID1662952369', 'GIP015', 1, 1000),
('ID1662952369', 'GIP016', 2, 1000),
('ID1662956557', 'GIP013', 1, 1000),
('ID1662947570', 'GIP014', 1, 1000),
('ID1662947570', 'GIP012', 5, 1000),
('ID1662947570', 'GIP013', 2, 1000),
('ID1662947570', 'GIP015', 1, 1000),
('ID1662947570', 'GIP016', 2, 1000),
('ID1662947570', 'GIP018', 1, 1000),
('ID1662947570', 'GIP033', 2, 1000),
('ID1662947570', 'GIP032', 2, 1000),
('ID1662947570', 'GIP020', 10, 1000),
('ID1662947570', 'GIP008', 1, 1000),
('ID1662947570', 'GIP011', 10, 1000),
('ID1662947570', 'GIP021', 6, 1000),
('ID1662947570', 'GIP048', 7, 90000),
('ID1662947570', 'GIP043', 2, 1000),
('ID1662947570', 'GIP026', 50, 1000),
('ID1662947570', 'GIP024', 75, 1000),
('ID1662947570', 'GIP006', 1, 1000),
('ID1662958321', 'GIP006', 1, 1000),
('ID1662961959', 'GIP034', 1, 1000),
('ID1662972974', 'GIP020', 2, 1000),
('ID1662972974', 'GIP008', 1, 1000),
('ID1662972974', 'GIP033', 2, 1000),
('ID1663027451', 'GIP006', 3, 1000),
('ID1663029501', 'GIP013', 2, 1000),
('ID1663029501', 'GIP014', 1, 1000),
('ID1663029501', 'GIP015', 1, 1000),
('ID1663029501', 'GIP016', 1, 1000),
('ID1663029501', 'GIP018', 1, 1000),
('ID1663030215', 'GIP223', 1, 1000),
('ID1663033607', 'GIP006', 2, 1000),
('ID1663034344', 'GIP006', 2, 1000),
('ID1663038855', 'GIP193', 1, 1000),
('ID1663034869', 'GIP006', 5, 1000),
('ID1663050225', 'GIP001', 2, 18750),
('ID1663056356', 'GIP193', 2, 1000),
('ID1663083640', 'GIP126', 1, 946236),
('ID1663200868', 'GIP048', 10, 90000),
('ID1663163441', 'GIP019', 20, 1000),
('ID1663163441', 'GIP026', 50, 1000),
('ID1663163441', 'GIP021', 12, 1000),
('ID1663163441', 'GIP043', 8, 1000),
('ID1663163441', 'GIP010', 10, 1000),
('ID1663163441', 'GIP011', 10, 1000),
('ID1663163441', 'GIP048', 10, 90000),
('ID1663202583', 'GIP020', 15, 1000),
('ID1663287210', 'GIP003', 1, 1000),
('ID1663287210', 'GIP024', 50, 1000),
('ID1663287210', 'GIP048', 10, 90000),
('ID1663287210', 'GIP043', 10, 1000),
('ID1663287210', 'GIP019', 10, 1000),
('ID1663292646', 'GIP019', 20, 1000),
('ID1663292646', 'GIP043', 8, 66875),
('ID1663292646', 'GIP026', 25, 28500),
('ID1663292646', 'GIP048', 10, 90000),
('ID1663292646', 'GIP011', 10, 2450),
('ID1663292646', 'GIP010', 10, 1000),
('ID1663291199', 'GIP021', 2, 28500),
('ID1663298084', 'GIP013', 3, 20000),
('ID1663298084', 'GIP016', 3, 20000),
('ID1663298084', 'GIP014', 2, 20000),
('ID1663298084', 'GIP018', 2, 20000),
('ID1663342121', 'GIP024', 1, 28500),
('ID1663550051', 'GIP024', 20, 28500),
('ID1663550051', 'GIP043', 10, 66875),
('ID1663550051', 'GIP048', 5, 90000),
('ID1663550051', 'GIP026', 50, 28500),
('ID1663550051', 'GIP019', 10, 1000),
('ID1663549434', 'GIP012', 12, 42000),
('ID1663549434', 'GIP023', 15, 17000),
('ID1663549434', 'GIP020', 8, 225000),
('ID1663549434', 'GIP013', 1, 20000),
('ID1663549434', 'GIP014', 1, 20000),
('ID1663549434', 'GIP015', 1, 20000),
('ID1663549434', 'GIP018', 1, 20000),
('ID1663549434', 'GIP008', 1, 76000),
('ID1663548381', 'GIP012', 5, 42000),
('ID1663548381', 'GIP023', 4, 17000),
('ID1663548381', 'GIP013', 1, 20000),
('ID1663548381', 'GIP014', 1, 20000),
('ID1663548381', 'GIP015', 1, 20000),
('ID1663548381', 'GIP016', 1, 20000),
('ID1663548381', 'GIP018', 1, 20000),
('ID1663548381', 'GIP020', 10, 225000),
('ID1663548381', 'GIP006', 2, 33000),
('ID1663548381', 'GIP011', 10, 2450),
('ID1663548381', 'GIP048', 5, 90000),
('ID1663548381', 'GIP019', 10, 1000),
('ID1663548381', 'GIP043', 4, 66875),
('ID1663548381', 'GIP024', 50, 28500);

--
-- Trigger `tbl_detail_penjualan`
--
DELIMITER $$
CREATE TRIGGER `penjualan_barang` AFTER INSERT ON `tbl_detail_penjualan` FOR EACH ROW BEGIN
	UPDATE tbl_barang b SET b.stok = b.stok - new.qty
    WHERE b.kode_barang = new.id_barang;
END
$$
DELIMITER ;
DELIMITER $$
CREATE TRIGGER `update_penjualan` AFTER DELETE ON `tbl_detail_penjualan` FOR EACH ROW BEGIN
	UPDATE tbl_barang b SET b.stok = b.stok + old.qty
    WHERE b.kode_barang = old.id_barang;
END
$$
DELIMITER ;

-- --------------------------------------------------------

--
-- Struktur dari tabel `tbl_pembelian`
--

CREATE TABLE `tbl_pembelian` (
  `id_pembelian` varchar(20) NOT NULL,
  `tgl_pembelian` date NOT NULL,
  `id_supplier` varchar(15) NOT NULL,
  `id_user` int(11) NOT NULL
) ENGINE=InnoDB DEFAULT CHARSET=utf8mb4;

--
-- Dumping data untuk tabel `tbl_pembelian`
--

INSERT INTO `tbl_pembelian` (`id_pembelian`, `tgl_pembelian`, `id_supplier`, `id_user`) VALUES
('ID1635941926', '2021-11-03', 'ID1634782673', 1),
('ID1635942615', '2021-11-03', 'ID1634782673', 1),
('ID1636018125', '2021-11-04', 'ID1634782673', 1),
('ID1636093264', '2021-11-05', 'ID1634782661', 1),
('ID1636444005', '2021-11-09', 'ID1635322389', 1),
('ID1636444490', '2021-11-09', 'ID1635322389', 1),
('ID1636505650', '2021-11-10', 'ID1634782673', 1),
('ID1636696231', '2021-11-12', 'ID1634782673', 1),
('ID1636941979', '2021-11-15', 'ID1634782673', 1),
('ID1636950699', '2021-11-15', 'ID1634782673', 1),
('ID1637114054', '2021-11-17', 'ID1634782673', 1),
('ID1637126826', '2021-11-17', 'ID1634782673', 1),
('ID1637211638', '2021-11-18', 'ID1634782673', 1),
('ID1637211711', '2021-11-18', 'ID1634782673', 1),
('ID1637212007', '2021-11-18', 'ID1634782661', 1),
('ID1637306089', '2021-11-19', 'ID1634782673', 1),
('ID1637544898', '2021-11-22', 'ID1634782673', 1),
('ID1637633837', '2021-11-23', 'ID1634782661', 1),
('ID1637801398', '2021-11-25', 'ID1635322389', 1),
('ID1637888566', '2021-11-26', 'ID1637888547', 1),
('ID1638146627', '2021-11-29', 'ID1635322389', 1),
('ID1638240387', '2021-11-30', 'ID1634782673', 1),
('ID1638257247', '2021-11-30', 'ID1634782673', 1),
('ID1638353782', '2021-12-01', 'ID1634782661', 1),
('ID1638430187', '2021-12-02', 'ID1634782673', 1),
('ID1638679786', '2021-12-05', 'ID1634782673', 1),
('ID1638768588', '2021-12-06', 'ID1634782673', 1),
('ID1638861712', '2021-12-07', 'ID1635322389', 1),
('ID1638938784', '2021-12-08', 'ID1634782673', 1),
('ID1638938817', '2021-12-08', 'ID1634782661', 1),
('ID1638957237', '2021-12-08', 'ID1634782661', 1),
('ID1639107761', '2021-12-10', 'ID1634782661', 1),
('ID1639359370', '2021-12-13', 'ID1634782661', 1),
('ID1639447994', '2021-12-14', 'ID1634782673', 1),
('ID1639454447', '2021-12-14', 'ID1634782673', 1),
('ID1639465794', '2021-12-14', 'ID1635322389', 1),
('ID1639639985', '2021-12-16', 'ID1634782673', 1),
('ID1639643307', '2021-12-16', 'ID1634782673', 1),
('ID1639997874', '2021-12-20', 'ID1634782673', 1),
('ID1640307658', '2021-12-24', 'ID1635322389', 1),
('ID1640307902', '2021-12-24', 'ID1634782661', 1),
('ID1640758711', '2021-12-29', 'ID1635322389', 1),
('ID1640759827', '2021-12-29', 'ID1634782661', 1),
('ID1640855699', '2021-12-30', 'ID1634782673', 1),
('ID1640918079', '2021-12-31', 'ID1634782673', 1),
('ID1641263827', '2022-01-04', 'ID1634782661', 1),
('ID1641264046', '2022-01-04', 'ID1634782661', 1),
('ID1641339189', '2022-01-05', 'ID1635322389', 1),
('ID1641357963', '2022-01-05', 'ID1634782661', 1),
('ID1641459132', '2022-01-06', 'ID1634782673', 1),
('ID1641777761', '2022-01-10', 'ID1634782673', 1),
('ID1641789540', '2022-01-10', 'ID1634782661', 1),
('ID1641946259', '2022-01-12', 'ID1635322389', 1),
('ID1642042982', '2022-01-13', 'ID1634782661', 1),
('ID1642534001', '2022-01-19', 'ID1634782661', 1),
('ID1642640047', '2022-01-20', 'ID1635322389', 1),
('ID1642728116', '2022-01-21', 'ID1634782661', 1),
('ID1643082091', '2022-01-25', 'ID1637888547', 1),
('ID1643154282', '2022-01-26', 'ID1635322389', 1),
('ID1643184072', '2022-01-26', 'ID1634782661', 1),
('ID1643270926', '2022-01-27', 'ID1634782661', 1),
('ID1643776928', '2022-02-02', 'ID1634782661', 1),
('ID1643846795', '2022-02-03', 'ID1635322389', 1),
('ID1643863957', '2022-02-03', 'ID1634782661', 1),
('ID1644363440', '2022-02-09', 'ID1634782661', 1),
('ID1644911349', '2022-02-15', 'ID1635322389', 1),
('ID1644994878', '2022-02-16', 'ID1634782661', 1),
('ID1645506846', '2022-02-22', 'ID1634782661', 1),
('ID1645513009', '2022-02-22', 'ID1635322389', 1),
('ID1645659795', '2022-02-23', 'ID1634782661', 1),
('ID1645754886', '2022-02-25', 'ID1634782661', 1),
('ID1646180622', '2022-03-02', 'ID1634782673', 1),
('ID1646355670', '2022-03-02', 'ID1635322389', 1),
('ID1646374310', '2022-03-04', 'ID1637888547', 1),
('ID1646639231', '2022-03-07', 'ID1634782661', 1),
('ID1646725820', '2022-03-08', 'ID1634782661', 1),
('ID1646725998', '2022-03-08', 'ID1635322389', 1),
('ID1646961546', '2022-03-11', 'ID1634782661', 1),
('ID1647318520', '2022-03-15', 'ID1634782661', 1),
('ID1647391340', '2022-03-16', 'ID1635322389', 1),
('ID1647494424', '2022-03-17', 'ID1634782661', 1),
('ID1647923654', '2022-03-22', 'ID1634782661', 1),
('ID1647923773', '2022-03-22', 'ID1634782661', 1),
('ID1647923813', '2022-03-22', 'ID1634782661', 1),
('ID1647924986', '2022-03-22', 'ID1634782673', 1),
('ID1647925059', '2022-03-22', 'ID1634782673', 1),
('ID1647925089', '2022-03-22', 'ID1634782673', 1),
('ID1647925189', '2022-03-22', 'ID1634782673', 1),
('ID1647925205', '2022-03-22', 'ID1634782673', 1),
('ID1647925263', '2022-03-22', 'ID1634782673', 1),
('ID1647933969', '2022-03-22', 'ID1635322389', 1),
('ID1647954348', '2022-03-22', 'ID1634782673', 1),
('ID1648537870', '2022-03-29', 'ID1634782661', 1),
('ID1648537900', '2022-03-29', 'ID1635322389', 1),
('ID1648539726', '2022-03-29', 'ID1634782673', 1),
('ID1649147559', '2022-04-05', 'ID1634782661', 1),
('ID1649319105', '2022-04-07', 'ID1634782661', 1),
('ID1649400798', '2022-04-08', 'ID1634782673', 1),
('ID1649739383', '2022-04-12', 'ID1634782673', 1),
('ID1649893270', '2022-04-14', 'ID1635322389', 1),
('ID1650246174', '2022-04-18', 'ID1634782661', 1),
('ID1650248945', '2022-04-18', 'ID1634782673', 1),
('ID1650339466', '2022-04-19', 'ID1634782661', 1),
('ID1650354262', '2022-04-19', 'ID1635322389', 1),
('ID1650612312', '2022-04-22', 'ID1634782661', 1),
('ID1650872633', '2022-04-25', 'ID1634782661', 1),
('ID1651074747', '2022-04-27', 'ID1634782661', 1),
('ID1651137323', '2022-04-28', 'ID1634782673', 1),
('ID1651138263', '2022-04-28', 'ID1634782673', 1),
('ID1652082084', '2022-05-09', 'ID1634782673', 1),
('ID1652082413', '2022-05-09', 'ID1634782673', 1),
('ID1652082699', '2022-05-09', 'ID1634782673', 1),
('ID1652082821', '2022-05-09', 'ID1634782673', 1),
('ID1652145580', '2022-05-10', 'ID1634782673', 1),
('ID1652147074', '2022-05-10', 'ID1634782673', 1),
('ID1652147478', '2022-05-10', 'ID1634782673', 1),
('ID1652163632', '2022-05-10', 'ID1634782673', 1),
('ID1652164616', '2022-05-10', 'ID1634782673', 1),
('ID1652166927', '2022-05-10', 'ID1634782673', 1),
('ID1652168758', '2022-05-10', 'ID1634782673', 1),
('ID1652175842', '2022-05-10', 'ID1635322389', 1),
('ID1652317307', '2022-05-12', 'ID1634782673', 1),
('ID1652324201', '2022-05-12', 'ID1634782673', 1),
('ID1652325265', '2022-05-12', 'ID1634782673', 1),
('ID1652326481', '2022-05-12', 'ID1634782673', 1),
('ID1652327031', '2022-05-12', 'ID1634782673', 1),
('ID1652336644', '2022-05-12', 'ID1634782673', 1),
('ID1652336927', '2022-05-12', 'ID1634782673', 1),
('ID1652748960', '2022-05-17', 'ID1634782661', 1),
('ID1652776652', '2022-05-17', 'ID1635322389', 1),
('ID1652792172', '2022-05-17', 'ID1634782673', 1),
('ID1652952798', '2022-05-19', 'ID1634782661', 1),
('ID1653377588', '2022-05-24', 'ID1635322389', 1),
('ID1653377620', '2022-05-24', 'ID1634782661', 1),
('ID1653378089', '2022-05-24', 'ID1634782661', 1),
('ID1653378406', '2022-05-24', 'ID1634782673', 1),
('ID1653442567', '2022-05-25', 'ID1634782673', 1),
('ID1653442625', '2022-05-25', 'ID1634782673', 1),
('ID1653610096', '2022-05-27', 'ID1634782661', 1),
('ID1653873880', '2022-05-30', 'ID1634782661', 1),
('ID1653956490', '2022-05-31', 'ID1634782661', 1),
('ID1653969146', '2022-05-31', 'ID1634782673', 1),
('ID1653972218', '2022-05-31', 'ID1634782661', 1),
('ID1653982560', '2022-05-31', 'ID1635322389', 1),
('ID1653982597', '2022-05-31', 'ID1635322389', 1),
('ID1653983891', '2022-05-31', 'ID1634782673', 1),
('ID1653984209', '2022-05-31', 'ID1634782673', 1),
('ID1654129872', '2022-06-02', 'ID1634782673', 1),
('ID1654154788', '2022-06-02', 'ID1634782673', 1),
('ID1654155010', '2022-06-02', 'ID1634782661', 1),
('ID1654155294', '2022-06-02', 'ID1634782661', 1),
('ID1654155366', '2022-06-02', 'ID1634782661', 1),
('ID1654155955', '2022-06-02', 'ID1634782661', 1),
('ID1654156407', '2022-06-02', 'ID1634782661', 1),
('ID1654237231', '2022-06-03', 'ID1634782661', 1),
('ID1654239357', '2022-06-03', 'ID1634782673', 1),
('ID1654239658', '2022-06-03', 'ID1634782673', 1),
('ID1654240092', '2022-06-03', 'ID1634782673', 1),
('ID1654491160', '2022-06-06', 'ID1634782673', 1),
('ID1654645016', '2022-06-08', 'ID1635322389', 1),
('ID1654645158', '2022-06-08', 'ID1634782673', 1),
('ID1654645504', '2022-06-08', 'ID1634782673', 1),
('ID1654735561', '2022-06-09', 'ID1634782661', 1),
('ID1654751332', '2022-06-09', 'ID1634782661', 1),
('ID1654831012', '2022-06-10', 'ID1634782673', 1),
('ID1655190843', '2022-06-14', 'ID1635322389', 1),
('ID1655252623', '2022-06-15', 'ID1634782673', 1),
('ID1655257047', '2022-06-15', 'ID1634782673', 1),
('ID1655283045', '2022-06-15', 'ID1634782673', 1),
('ID1655336361', '2022-06-16', 'ID1634782673', 1),
('ID1655352205', '2022-06-16', 'ID1634782673', 1),
('ID1655355159', '2022-06-16', 'ID1634782673', 1),
('ID1655452481', '2022-06-17', 'ID1634782661', 1),
('ID1655698402', '2022-06-20', 'ID1634782661', 1),
('ID1655779691', '2022-06-21', 'ID1634782673', 1),
('ID1655798813', '2022-06-21', 'ID1635322389', 1),
('ID1655856382', '2022-06-22', 'ID1634782673', 1),
('ID1655873715', '2022-06-22', 'ID1634782661', 1),
('ID1655975310', '2022-06-23', 'ID1634782673', 1),
('ID1655976949', '2022-06-23', 'ID1634782661', 1),
('ID1656296718', '2022-06-27', 'ID1635322389', 1),
('ID1656373086', '2022-06-28', 'ID1634782673', 1),
('ID1656373512', '2022-06-28', 'ID1634782673', 1),
('ID1656373587', '2022-06-28', 'ID1634782673', 1),
('ID1656388018', '2022-06-28', 'ID1634782673', 1),
('ID1656400124', '2022-06-28', 'ID1635322389', 1),
('ID1656403248', '2022-06-28', 'ID1634782661', 1),
('ID1656488343', '2022-06-29', 'ID1634782673', 1),
('ID1657006472', '2022-07-05', 'ID1635322389', 1),
('ID1657160414', '2022-07-07', 'ID1634782673', 1),
('ID1657165683', '2022-07-07', 'ID1634782661', 1),
('ID1657167936', '2022-07-07', 'ID1634782673', 1),
('ID1657168152', '2022-07-07', 'ID1634782673', 1),
('ID1657168450', '2022-07-07', 'ID1634782673', 1),
('ID1657168520', '2022-07-07', 'ID1634782673', 1),
('ID1657168859', '2022-07-07', 'ID1634782673', 1),
('ID1657169029', '2022-07-07', 'ID1634782673', 1),
('ID1657170293', '2022-07-07', 'ID1634782673', 1),
('ID1657170444', '2022-07-07', 'ID1634782673', 1),
('ID1657170691', '2022-07-07', 'ID1634782673', 1),
('ID1657170880', '2022-07-07', 'ID1634782673', 1),
('ID1657173919', '2022-07-07', 'ID1634782673', 1),
('ID1657174013', '2022-07-07', 'ID1634782673', 1),
('ID1657174454', '2022-07-07', 'ID1634782673', 1),
('ID1657174621', '2022-07-07', 'ID1634782673', 1),
('ID1657175193', '2022-07-07', 'ID1634782673', 1),
('ID1657175745', '2022-07-07', 'ID1634782673', 1),
('ID1657507485', '2022-07-11', 'ID1635322389', 1),
('ID1657517227', '2022-07-11', 'ID1634782673', 1),
('ID1657525823', '2022-07-11', 'ID1634782661', 1),
('ID1657583034', '2022-07-12', 'ID1634782673', 1),
('ID1657601632', '2022-07-12', 'ID1634782661', 1),
('ID1657608146', '2022-07-12', 'ID1635322389', 1),
('ID1657689286', '2022-07-13', 'ID1634782673', 1),
('ID1658113334', '2022-07-18', 'ID1634782661', 1),
('ID1658135849', '2022-07-18', 'ID1634782673', 1),
('ID1658221415', '2022-07-19', 'ID1634782661', 1),
('ID1658363722', '2022-07-21', 'ID1634782661', 1),
('ID1658367470', '2022-07-21', 'ID1634782673', 1),
('ID1658826484', '2022-07-26', 'ID1634782661', 1),
('ID1658878887', '2022-07-27', 'ID1634782673', 1),
('ID1658983225', '2022-07-28', 'ID1634782661', 1),
('ID1659424486', '2022-08-02', 'ID1635322389', 1),
('ID1659502362', '2022-08-03', 'ID1634782661', 1),
('ID1659504436', '2022-08-03', 'ID1634782673', 1),
('ID1660002065', '2022-08-09', 'ID1634782673', 1),
('ID1660088139', '2022-08-10', 'ID1634782673', 1),
('ID1660091961', '2022-08-10', 'ID1634782661', 1),
('ID1660098193', '2022-08-10', 'ID1634782661', 1),
('ID1660100296', '2022-08-10', 'ID1634782673', 1),
('ID1660100811', '2022-08-10', 'ID1634782673', 1),
('ID1660180120', '2022-08-11', 'ID1635322389', 1),
('ID1660613827', '2022-08-16', 'ID1634782673', 1),
('ID1660811184', '2022-08-18', 'ID1635322389', 1),
('ID1660895789', '2022-08-19', 'ID1634782661', 1),
('ID1661221310', '2022-08-23', 'ID1634782673', 1),
('ID1661386436', '2022-08-25', 'ID1634782673', 1),
('ID1661475473', '2022-08-26', 'ID1634782673', 1),
('ID1661730369', '2022-08-29', 'ID1634782673', 1),
('ID1661834815', '2022-08-30', 'ID1634782673', 1),
('ID1661843755', '2022-08-30', 'ID1635322389', 1),
('ID1661847944', '2022-08-30', 'ID1634782673', 1),
('ID1661916839', '2022-08-31', 'ID1634782673', 1),
('ID1662006153', '2022-09-01', 'ID1634782661', 1),
('ID1662537784', '2022-09-07', 'ID1634782673', 1),
('ID1662542384', '2022-09-07', 'ID1634782673', 1),
('ID1662622703', '2022-09-08', 'ID1634782673', 1),
('ID1662949874', '2022-09-12', 'ID1634782673', 1),
('ID1663045436', '2022-09-13', 'ID1635322389', 1),
('ID1663288520', '2022-09-16', 'ID1634782661', 1);

-- --------------------------------------------------------

--
-- Struktur dari tabel `tbl_penjualan`
--

CREATE TABLE `tbl_penjualan` (
  `id_penjualan` varchar(20) NOT NULL,
  `nama_pembeli` text NOT NULL,
  `tgl_penjualan` date NOT NULL,
  `id_user` int(11) NOT NULL
) ENGINE=InnoDB DEFAULT CHARSET=utf8mb4;

--
-- Dumping data untuk tabel `tbl_penjualan`
--

INSERT INTO `tbl_penjualan` (`id_penjualan`, `nama_pembeli`, `tgl_penjualan`, `id_user`) VALUES
('ID1659311164', 'Yuri lt dua', '2022-08-01', 2),
('ID1659316754', 'MDN cetak Line Lima', '2022-08-01', 2),
('ID1659321897', 'ZIDANE', '2022-08-01', 2),
('ID1659333783', 'niko lt dua', '2022-08-01', 2),
('ID1659387504', 'syifa', '2022-08-02', 2),
('ID1659397544', 'DDY compounding', '2022-08-02', 2),
('ID1659399662', 'Dimas comp ', '2022-08-02', 2),
('ID1659414001', 'Annisa', '2022-08-02', 1),
('ID1659414020', 'Annisa', '2022-08-02', 1),
('ID1659485845', 'William comp', '2022-08-03', 2),
('ID1659486985', 'Bawi.tableting', '2022-08-03', 2),
('ID1659493536', 'DAS Printer SPV', '2022-08-03', 2),
('ID1659494093', 'Wso comp lima', '2022-08-03', 2),
('ID1659499814', 'Annisa', '2022-08-03', 1),
('ID1659571491', 'William comp', '2022-08-04', 2),
('ID1659572288', 'Fina kemas lt satu', '2022-08-04', 2),
('ID1659578111', 'Denda Staff', '2022-08-04', 1),
('ID1659579274', 'admin', '2022-08-04', 2),
('ID1659599530', 'Deden H', '2022-08-04', 2),
('ID1659658291', 'William comp', '2022-08-05', 2),
('ID1659662851', 'Agis comp', '2022-08-05', 1),
('ID1659717763', 'Indra Filco', '2022-08-05', 2),
('ID1659919743', 'FAKIH LT DUA', '2022-08-08', 2),
('ID1659921157', 'admin', '2022-08-08', 2),
('ID1659922381', 'DRM comp', '2022-08-08', 2),
('ID1659922470', 'Umi kemas lt satu', '2022-08-08', 2),
('ID1659924741', 'Andri abd', '2022-08-08', 2),
('ID1659946676', 'Sunjaya cetak', '2022-08-08', 2),
('ID1659964821', 'Amel Admin', '2022-08-08', 2),
('ID1659978605', 'Denda Untuk Engg', '2022-08-09', 2),
('ID1660007929', 'Sunjaya', '2022-08-09', 2),
('ID1660011467', 'umi', '2022-08-09', 2),
('ID1660090356', 'Umi kemas', '2022-08-10', 2),
('ID1660092317', 'syachen', '2022-08-10', 2),
('ID1660095052', 'YSI cetak', '2022-08-10', 2),
('ID1660100859', 'Erni Staff', '2022-08-10', 1),
('ID1660176760', 'Umi kemas', '2022-08-11', 2),
('ID1660179305', 'DRM comp', '2022-08-11', 2),
('ID1660181613', 'ica', '2022-08-11', 2),
('ID1660189537', 'syifa', '2022-08-11', 2),
('ID1660269388', 'wisnu lt dua', '2022-08-12', 2),
('ID1660520619', 'FAKIH LT DUA', '2022-08-15', 2),
('ID1660527375', 'Lutfi kemas lt satu', '2022-08-15', 2),
('ID1660528819', 'Lutfi kemas lt satu', '2022-08-15', 2),
('ID1660531966', 'Daf comp', '2022-08-15', 2),
('ID1660534155', 'RTN comp', '2022-08-15', 2),
('ID1660610841', 'Rahmat cetak', '2022-08-16', 2),
('ID1660611552', 'Rtn cetak', '2022-08-16', 2),
('ID1660783851', 'Denda PS', '2022-08-18', 1),
('ID1660785345', 'Fahrul lt dua', '2022-08-18', 2),
('ID1660787973', 'MDN Tableting', '2022-08-18', 2),
('ID1660865587', 'FAHRUL LT dua', '2022-08-19', 2),
('ID1660867680', 'Dimas Area compounding', '2022-08-19', 2),
('ID1660869226', 'SEKAR lt dua', '2022-08-19', 2),
('ID1660877045', 'Dimas comp', '2022-08-19', 2),
('ID1660895769', 'Erni Staff', '2022-08-19', 1),
('ID1660918691', 'Haris Comp', '2022-08-19', 2),
('ID1661129884', 'Dimas comp', '2022-08-22', 2),
('ID1661130023', 'Novi kemas lt satu ', '2022-08-22', 2),
('ID1661130440', 'FERRY F Cetak', '2022-08-22', 2),
('ID1661131153', 'wisnu lt dua', '2022-08-22', 2),
('ID1661137581', 'Aldi coating', '2022-08-22', 2),
('ID1661138132', 'LUTFI TUMBLING', '2022-08-22', 2),
('ID1661141504', 'Annisa', '2022-08-22', 1),
('ID1661141526', 'Annisa', '2022-08-22', 1),
('ID1661145343', 'Ica', '2022-08-22', 2),
('ID1661153216', 'Bawi.tab.filco', '2022-08-22', 2),
('ID1661213990', 'FERRY F Cetak', '2022-08-23', 2),
('ID1661221470', 'Erni Staff', '2022-08-23', 1),
('ID1661223373', 'Iwan cetak', '2022-08-23', 2),
('ID1661306451', 'ERF comp', '2022-08-24', 2),
('ID1661323962', 'wisnu lt dua', '2022-08-24', 2),
('ID1661324192', 'Erni Staff', '2022-08-24', 1),
('ID1661327303', 'admin', '2022-08-24', 2),
('ID1661386155', 'FERRY F Cetak', '2022-08-25', 2),
('ID1661386601', 'FERRY F Cetak', '2022-08-25', 2),
('ID1661389041', 'ica', '2022-08-25', 2),
('ID1661389735', 'agis componding', '2022-08-25', 2),
('ID1661398075', 'Lutfi Tumbling', '2022-08-25', 2),
('ID1661398858', 'Irwan cetak', '2022-08-25', 2),
('ID1661451590', 'ade admin', '2022-08-26', 2),
('ID1661474383', 'ERF comp', '2022-08-26', 2),
('ID1661481917', 'SEKAR kemas lt dua', '2022-08-26', 2),
('ID1661485422', 'ali', '2022-08-26', 2),
('ID1661515937', 'DULHANAN kemas lt dua', '2022-08-26', 2),
('ID1661729900', 'FAHRUL LT dua', '2022-08-29', 2),
('ID1661732055', 'Ayi kemas lt satu', '2022-08-29', 2),
('ID1661732458', 'Ayi kemas lt satu', '2022-08-29', 2),
('ID1661733689', 'DDY COMP ', '2022-08-29', 2),
('ID1661734300', 'DDY compounding', '2022-08-29', 2),
('ID1661741924', 'Syahrul comp', '2022-08-29', 2),
('ID1661743211', 'ica', '2022-08-29', 2),
('ID1661818370', 'ica', '2022-08-30', 2),
('ID1661819483', 'ica', '2022-08-30', 2),
('ID1661826345', 'YSI tableting', '2022-08-30', 2),
('ID1661847988', 'Erni Staff', '2022-08-30', 1),
('ID1661902837', 'FAHRUL LT dua', '2022-08-31', 2),
('ID1661904165', 'Ayi kemas lt satu', '2022-08-31', 2),
('ID1661909134', 'Kemas lt satu', '2022-08-31', 1),
('ID1661909209', 'lantai dua', '2022-08-31', 1),
('ID1661909417', 'Olah lt satu', '2022-08-31', 1),
('ID1661912893', 'ica', '2022-08-31', 2),
('ID1661917159', 'Erni Staff', '2022-08-31', 1),
('ID1661917660', 'DDY compounding', '2022-08-31', 2),
('ID1661988654', 'AAN', '2022-09-01', 2),
('ID1661995291', 'Ipul Engineering', '2022-09-01', 1),
('ID1662041972', 'Bayu lt dua', '2022-09-01', 2),
('ID1662074993', 'FAHRUL LT dua', '2022-09-02', 2),
('ID1662076465', 'Annisa', '2022-09-02', 1),
('ID1662077202', 'Annisa', '2022-09-02', 1),
('ID1662077218', 'Annisa', '2022-09-02', 1),
('ID1662077763', 'DDY compounding', '2022-09-02', 2),
('ID1662102316', 'DDY compounding', '2022-09-02', 2),
('ID1662102628', 'rifki cetak', '2022-09-02', 2),
('ID1662128726', 'YAM cetak', '2022-09-02', 2),
('ID1662339734', 'Dimas Compounding', '2022-09-05', 2),
('ID1662340484', 'syachen cetak', '2022-09-05', 2),
('ID1662340772', 'wisnu lt dua', '2022-09-05', 2),
('ID1662340901', 'Fairuz kemas lt satu', '2022-09-05', 2),
('ID1662355894', 'Amel admin', '2022-09-05', 2),
('ID1662360279', 'Rizal Tumbling', '2022-09-05', 2),
('ID1662425375', 'Indra Maulana lt dua', '2022-09-06', 2),
('ID1662511954', 'Ali purnomo ', '2022-09-07', 2),
('ID1662538254', 'Indra Filco', '2022-09-07', 2),
('ID1662538742', 'Yuri lt dua', '2022-09-07', 2),
('ID1662595706', 'Dimascomp', '2022-09-08', 2),
('ID1662596694', 'Ade riski cetak', '2022-09-08', 2),
('ID1662598180', 'Amel admin', '2022-09-08', 2),
('ID1662602880', 'Erni Staff', '2022-09-08', 1),
('ID1662624223', 'DENDA', '2022-09-08', 2),
('ID1662682784', 'Ade riski cetak', '2022-09-09', 2),
('ID1662685119', 'Sunjaya cetak', '2022-09-09', 1),
('ID1662776523', 'Agus Tableting', '2022-09-10', 2),
('ID1662946477', 'Haris Comp', '2022-09-12', 2),
('ID1662946558', 'YULIA kemas lt satu', '2022-09-12', 2),
('ID1662946628', 'YULIA kemas lt satu', '2022-09-12', 2),
('ID1662947570', 'UMAM lt dua', '2022-09-12', 2),
('ID1662948172', 'YSI cetak', '2022-09-12', 2),
('ID1662952369', 'DDY compounding', '2022-09-12', 2),
('ID1662956557', 'fauzan comp', '2022-09-12', 2),
('ID1662958321', 'Erni Staff', '2022-09-12', 1),
('ID1662961959', 'Ade admin', '2022-09-12', 2),
('ID1662972974', 'Denda Untuk Engg', '2022-09-12', 2),
('ID1663027451', 'Fatur', '2022-09-13', 2),
('ID1663029501', 'WIlliam', '2022-09-13', 2),
('ID1663030215', 'Erni Staff', '2022-09-13', 1),
('ID1663033607', 'ayu kemas lt satu', '2022-09-13', 2),
('ID1663034344', 'Lt dua', '2022-09-13', 1),
('ID1663034869', 'Erni staff', '2022-09-13', 1),
('ID1663038855', 'AGY', '2022-09-13', 2),
('ID1663050225', 'Andri comp', '2022-09-13', 2),
('ID1663056356', 'Andri comp', '2022-09-13', 2),
('ID1663083640', 'JERI CETAK', '2022-09-13', 2),
('ID1663163441', 'SUNJAYA TABLETING', '2022-09-14', 2),
('ID1663200868', 'UMAM kemas lt dua', '2022-09-15', 2),
('ID1663202583', 'YULIA kemas lt satu', '2022-09-15', 2),
('ID1663287210', 'Haris Comp', '2022-09-16', 2),
('ID1663291199', 'Yeyen kemas lt satu', '2022-09-16', 2),
('ID1663292646', 'YSI cetak', '2022-09-16', 2),
('ID1663298084', 'bawi.tabcoating', '2022-09-16', 2),
('ID1663342121', 'Amel Admin', '2022-09-16', 2),
('ID1663548381', 'FERRY kemas lt dua', '2022-09-19', 2),
('ID1663549434', 'fairuz kemas lantai satu', '2022-09-19', 2),
('ID1663550051', 'Syahrul Area compounding', '2022-09-19', 2);

-- --------------------------------------------------------

--
-- Struktur dari tabel `tbl_supplier`
--

CREATE TABLE `tbl_supplier` (
  `id_supplier` varchar(15) NOT NULL,
  `nama_supplier` varchar(255) NOT NULL,
  `alamat` varchar(255) NOT NULL,
  `telp` varchar(20) NOT NULL
) ENGINE=InnoDB DEFAULT CHARSET=utf8mb4;

--
-- Dumping data untuk tabel `tbl_supplier`
--

INSERT INTO `tbl_supplier` (`id_supplier`, `nama_supplier`, `alamat`, `telp`) VALUES
('ID1634782661', 'Kontrak', 'PT. Hexpharm Jaya', '08811882851'),
('ID1634782673', 'Non Kontrak', 'PT. Hexpharm Jaya', '08811882851'),
('ID1635322389', 'HCO', 'PT. Hexpharm Jaya', '08811882851'),
('ID1637888547', 'Logistik', 'PT Hexpharmjaya', '08811882851');

-- --------------------------------------------------------

--
-- Struktur dari tabel `tbl_user`
--

CREATE TABLE `tbl_user` (
  `id_user` int(11) NOT NULL,
  `username` varchar(30) NOT NULL,
  `fullname` varchar(50) NOT NULL,
  `password` varchar(255) NOT NULL,
  `alamat` varchar(255) NOT NULL,
  `hp` varchar(20) NOT NULL,
  `foto` varchar(50) NOT NULL DEFAULT 'default.jpg',
  `level` enum('admin','pegawai') NOT NULL,
  `active` enum('Y','N') NOT NULL DEFAULT 'Y',
  `last_login` datetime DEFAULT NULL
) ENGINE=InnoDB DEFAULT CHARSET=utf8mb4;

--
-- Dumping data untuk tabel `tbl_user`
--

INSERT INTO `tbl_user` (`id_user`, `username`, `fullname`, `password`, `alamat`, `hp`, `foto`, `level`, `active`, `last_login`) VALUES
(1, 'admin', 'Administrator', '$2y$08$BO41OJFfhPPPzjKdWw2I6OyUElK1mkD43UVt1ss6J1xrVUExC1lRy', '', '', 'foto1633681233.jpg', 'admin', 'Y', '2022-09-05 11:39:13'),
(2, 'pegawai', 'Operator', '$2y$10$bZkYvXB4K93BWcR05e92r.Vcyq1PrnGFtzougX0LdN5bLaGY/1gPa', 'Produksi  LT 1 - LT 2', '085731109355', 'foto1634785444.png', 'pegawai', 'Y', '2022-09-08 15:05:03'),
(6, 'user2', 'Pegawai Kedua', '$2y$10$swIMV3E0b6nRrDXnyBgjO.tN7vMLNmYf6Zm76CG.TO7WH9sZU5LTm', 'Jl. Nanas No. 24, Pace - Nganjuk', '085731109355', 'foto1595054714.png', 'pegawai', 'Y', '2020-07-22 07:59:43');

--
-- Indexes for dumped tables
--

--
-- Indeks untuk tabel `ci_sessions`
--
ALTER TABLE `ci_sessions`
  ADD KEY `ci_sessions_timestamp` (`timestamp`);

--
-- Indeks untuk tabel `tbl_barang`
--
ALTER TABLE `tbl_barang`
  ADD PRIMARY KEY (`kode_barang`);

--
-- Indeks untuk tabel `tbl_pembelian`
--
ALTER TABLE `tbl_pembelian`
  ADD PRIMARY KEY (`id_pembelian`);

--
-- Indeks untuk tabel `tbl_penjualan`
--
ALTER TABLE `tbl_penjualan`
  ADD PRIMARY KEY (`id_penjualan`);

--
-- Indeks untuk tabel `tbl_supplier`
--
ALTER TABLE `tbl_supplier`
  ADD PRIMARY KEY (`id_supplier`);

--
-- Indeks untuk tabel `tbl_user`
--
ALTER TABLE `tbl_user`
  ADD PRIMARY KEY (`id_user`),
  ADD UNIQUE KEY `username` (`username`);

--
-- AUTO_INCREMENT untuk tabel yang dibuang
--

--
-- AUTO_INCREMENT untuk tabel `tbl_user`
--
ALTER TABLE `tbl_user`
  MODIFY `id_user` int(11) NOT NULL AUTO_INCREMENT, AUTO_INCREMENT=7;
COMMIT;

/*!40101 SET CHARACTER_SET_CLIENT=@OLD_CHARACTER_SET_CLIENT */;
/*!40101 SET CHARACTER_SET_RESULTS=@OLD_CHARACTER_SET_RESULTS */;
/*!40101 SET COLLATION_CONNECTION=@OLD_COLLATION_CONNECTION */;
